{
  "timestamp": "2026-02-07T01:05:48.500560",
  "batch_size": 11000,
  "max_seq_len": 50,
  "hidden_dim": 4096,
  "total_valid_positions": 406129,
  "cos_sim_mean": 0.783901035785675,
  "cos_sim_std": 0.15637779235839844,
  "cos_sim_min": -0.21004042029380798,
  "cos_sim_max": 0.9987032413482666,
  "cos_sim_median": 0.7858079075813293,
  "accept_80": 0.45086905360221863,
  "accept_85": 0.31452322006225586,
  "accept_90": 0.2425239235162735,
  "accept_95": 0.19303226470947266,
  "consecutive_mean_80": 9.625272750854492,
  "consecutive_std_80": 4.284854412078857,
  "consecutive_max_80": 33.0,
  "consecutive_min_80": 2.0,
  "consecutive_median_80": 10.0,
  "consecutive_mean_85": 8.821636199951172,
  "consecutive_std_85": 3.939445734024048,
  "consecutive_max_85": 30.0,
  "consecutive_min_85": 2.0,
  "consecutive_median_85": 9.0,
  "consecutive_mean_90": 7.846817970275879,
  "consecutive_std_90": 3.5395097732543945,
  "consecutive_max_90": 23.0,
  "consecutive_min_90": 1.0,
  "consecutive_median_90": 7.0,
  "consecutive_mean_95": 6.376727104187012,
  "consecutive_std_95": 2.998239278793335,
  "consecutive_max_95": 21.0,
  "consecutive_min_95": 1.0,
  "consecutive_median_95": 7.0,
  "num_hidden_tokens_mean": 36.92081832885742,
  "num_hidden_tokens_std": 10.862395286560059,
  "num_hidden_tokens_min": 11.0,
  "num_hidden_tokens_max": 50.0,
  "sd_accept_rate_prefill_gamma": 0.21253098727074482,
  "sd_gamma_prefill": 36.92081832885742,
  "sd_accept_rate_decode_gamma5": 0.9421817779541015,
  "sd_consecutive_gamma5": 4.710908889770508,
  "sd_gamma_decode": 5,
  "speedup_prefill": 1.5806451612903225,
  "prefill_overlap_window_ms": 131.5,
  "prefill_free_draft_tokens": 7.2,
  "prefill_effective_tokens": 7.2,
  "speedup_decode_gamma5": 5.387649896009913,
  "decode_overhead_ratio": 0.06,
  "speedup_e2e": 0.9533070024116781,
  "e2e_baseline_time_ms": 1560.0,
  "e2e_sd_time_ms": 1636.4088337267099,
  "e2e_num_output_tokens": 50,
  "position_accept_90": [
    1.0,
    0.9998182058334351,
    0.9885454773902893,
    0.8801817893981934,
    0.8691818118095398,
    0.7288181781768799,
    0.6876363754272461,
    0.5541818141937256,
    0.5416363477706909,
    0.3261818289756775,
    0.25145453214645386,
    0.22602054476737976,
    0.18592599034309387,
    0.11302054673433304,
    0.0907520204782486,
    0.07492952793836594,
    0.07304854691028595,
    0.03825942799448967,
    0.08559910207986832,
    0.06843414902687073
  ],
  "position_mean_sim": [
    0.9940363168716431,
    0.9867904186248779,
    0.988920271396637,
    0.9326329231262207,
    0.9335862994194031,
    0.9025022983551025,
    0.8894422650337219,
    0.860667884349823,
    0.8558714389801025,
    0.8016640543937683,
    0.7743569612503052,
    0.7627797722816467,
    0.7862671613693237,
    0.7551138401031494,
    0.740185558795929,
    0.7399944067001343,
    0.7320827841758728,
    0.7334978580474854,
    0.7387646436691284,
    0.7452112436294556
  ],
  "token_top1_match": 0.23904473701705617,
  "token_top5_match": 0.3954777915391415,
  "token_top10_match": 0.4875815319762932,
  "token_consecutive_mean": 5.347727298736572,
  "token_consecutive_std": 3.488879919052124,
  "token_consecutive_median": 6.0,
  "token_consecutive_max": 20.0,
  "token_consecutive_min": 0.0,
  "position_token_accept": [
    0.943363606929779,
    0.9598181843757629,
    0.7428181767463684,
    0.8910909295082092,
    0.7488181591033936,
    0.7362727522850037,
    0.4911818206310272,
    0.5101818442344666,
    0.3572727143764496,
    0.34218183159828186,
    0.23263636231422424,
    0.2078370749950409,
    0.13983088731765747,
    0.11174759268760681,
    0.10802946239709854,
    0.09102482348680496,
    0.10210401564836502,
    0.08370978385210037,
    0.12422651052474976,
    0.13045558333396912
  ],
  "token_sd_gamma_prefill": 7,
  "token_sd_prefill_consecutive_mean": 4.592454433441162,
  "token_sd_prefill_accept_rate": 0.6560649190630231,
  "token_sd_decode_consecutive_mean": 3.737727165222168,
  "token_sd_decode_accept_rate": 0.7475454330444335,
  "token_sd_gamma_decode": 5,
  "token_sd_e2e_speedup": 0.8172383117199753,
  "token_sd_e2e_baseline_ms": 1560.0,
  "token_sd_e2e_sd_ms": 1908.8679246042618,
  "cosim_80_token_match": 0.5029954508467541,
  "cosim_80_count": 183111,
  "cosim_85_token_match": 0.6784408589523787,
  "cosim_85_count": 127737,
  "cosim_90_token_match": 0.8022762345679012,
  "cosim_90_count": 98496,
  "cosim_92_token_match": 0.82550055922279,
  "cosim_92_count": 91198,
  "cosim_95_token_match": 0.8600056125312516,
  "cosim_95_count": 78396,
  "cosim_98_token_match": 0.9054559384177596,
  "cosim_98_count": 54821,
  "cosim_token_pearson_r": 0.5915768146514893,
  "baseline_vl_prefill_ms": 310.0,
  "baseline_vl_decode_ms": 1250.0,
  "baseline_total_ms": 1560.0,
  "sd_parallel_prefill_ms": 310.0,
  "sd_decode_ms": 1326.4088337267099,
  "sd_total_ms": 1636.4088337267099,
  "sd_iterations": 8.755173819978284,
  "time_ratio_prefill": 0.18943921201770528,
  "time_ratio_decode": 0.8105607879822947
}