{
  "train_loss": [
    1.6873145742485156,
    1.3600678958285313,
    1.338758730257933,
    1.3245201618052447,
    1.3177480200448861,
    1.3184929597549713,
    1.310629050175731,
    1.3073515688570647,
    1.3066009688549316,
    1.3052640962772644,
    1.2977739978008545,
    1.2919655786110804,
    1.2887740585093315,
    1.2836858206070387,
    1.2817994232934256,
    1.273976543918252,
    1.2707918355098138,
    1.266793988358516,
    1.2645176929923205,
    1.2645566583825991,
    1.2607287786041315,
    1.2559451543940947,
    1.2515310666595514,
    1.253376368433237,
    1.2485598225433092,
    1.2470978014171124,
    1.2456288362065187,
    1.2422312313260941,
    1.2397745882089322,
    1.2403312551860626,
    1.2388686516250556,
    1.2324849976083407,
    1.2286604230220501,
    1.2309511355482614,
    1.2264247856174524,
    1.2268246231743922,
    1.2285115949522991,
    1.2229383059132557,
    1.2224891695838709,
    1.219622134589232,
    1.2186178312851832,
    1.214466725404446,
    1.217012857230237,
    1.2127057017328648,
    1.2128220457726946,
    1.2112116714796195,
    1.2092204890572107,
    1.2047233102986445,
    1.2072672296601992,
    1.2032143734395504
  ],
  "train_cos_sim": [
    0.7162532125456402,
    0.7699855300956048,
    0.7738012080439008,
    0.7762528485976733,
    0.7774660804380591,
    0.7771985866845801,
    0.7785322787240148,
    0.7792162981887276,
    0.779364359135238,
    0.7795556691260292,
    0.7808576777863961,
    0.7819800728645462,
    0.7825513291530884,
    0.7834289609812773,
    0.7837514396613607,
    0.7851821487912765,
    0.7857673751333585,
    0.786422079643951,
    0.7868298901818119,
    0.7868448691442609,
    0.7875006160913751,
    0.7883711347643,
    0.7891511645597907,
    0.7887769021237125,
    0.7896198691227115,
    0.7899191416800022,
    0.7902126935525582,
    0.7908346632208961,
    0.7912345976353838,
    0.7911201600845044,
    0.7913817740403689,
    0.7925185266022499,
    0.793216894309108,
    0.7927859710672727,
    0.793610024624146,
    0.7935481340839312,
    0.7932250134360331,
    0.7942332504317164,
    0.7943142927609957,
    0.7948655034773625,
    0.7950019182350773,
    0.795728905699574,
    0.7952882224120773,
    0.7960316970801125,
    0.7960041002728618,
    0.7962920769619254,
    0.7966433443988745,
    0.7974631117943388,
    0.7969731310955607,
    0.7977281602529379
  ],
  "val_loss": [
    1.4467688907276501,
    1.4812681566585193,
    1.4830355752598157,
    1.4042802507227117,
    1.4389238899404353,
    1.4525901404294101,
    1.4362712665037676,
    1.4310662204569036,
    1.388827226378701,
    1.3884782140905207,
    1.4369958205656572,
    1.386364676735618,
    1.3597620183771306,
    1.337241617116061,
    1.3219060572710903,
    1.3258807008916682,
    1.3393184380097822,
    1.3960977359251543,
    1.3322753581133755,
    1.332448504187844,
    1.3161678314208984,
    1.3713396354155107,
    1.3180692304264416,
    1.3621382063085383,
    1.3568260344592007,
    1.3590098727833142,
    1.3306862657720393,
    1.2936235666275024,
    1.2977565635334363,
    1.3133785399523648,
    1.2973345626484265,
    1.3058907335454768,
    1.3160593509674072,
    1.3533035625110974,
    1.2919085025787354,
    1.277116764675487,
    1.2947822375731035,
    1.2926817807284268,
    1.2757589383558794,
    1.2728816270828247,
    1.280505971475081,
    1.266018813306635,
    1.2660880088806152,
    1.3033823750235818,
    1.292974591255188,
    1.2696263248270208,
    1.2639587684111162,
    1.2494308731772683,
    1.2458024133335461,
    1.2525983398610896
  ],
  "val_cos_sim": [
    0.7563845731995322,
    0.7477387840097601,
    0.749436616897583,
    0.7642427249388262,
    0.7590755278413946,
    0.7566690770062533,
    0.7589582421562888,
    0.7608289827000011,
    0.7671259479089216,
    0.766947941346602,
    0.757320290262049,
    0.7668409618464384,
    0.7713238759474321,
    0.7752730846405029,
    0.7777271379124034,
    0.7766760587692261,
    0.7739492167126049,
    0.7645732922987505,
    0.7756117473949086,
    0.7754121314395558,
    0.7783076654780995,
    0.768186092376709,
    0.7779236544262279,
    0.7702235362746499,
    0.7711254466663707,
    0.7703488740054044,
    0.7768360755660317,
    0.7821410623463717,
    0.7821122028610923,
    0.7795097123492848,
    0.781656498258764,
    0.7802966778928583,
    0.7782062563029203,
    0.7719884731552817,
    0.7829043214971368,
    0.7848550081253052,
    0.7828872420571067,
    0.7828967679630626,
    0.7849785468795083,
    0.7863505753603849,
    0.7845146385106173,
    0.7871403965083036,
    0.7872988148169084,
    0.7812133160504428,
    0.7818606387485157,
    0.7871652733195912,
    0.7873084870251742,
    0.7898941473527388,
    0.7907433076338335,
    0.7895436341112311
  ],
  "val_accept_80": [
    0.34510019421577454,
    0.2965618669986725,
    0.3119446039199829,
    0.36048293113708496,
    0.35515105724334717,
    0.35208678245544434,
    0.3460194766521454,
    0.3565606474876404,
    0.3883066773414612,
    0.3769075274467468,
    0.33750078082084656,
    0.3846908211708069,
    0.4110437035560608,
    0.42936813831329346,
    0.43629342317581177,
    0.4179689884185791,
    0.4286940097808838,
    0.384752094745636,
    0.41324999928474426,
    0.421707421541214,
    0.4338420033454895,
    0.3805846571922302,
    0.4286327064037323,
    0.393025666475296,
    0.4055892527103424,
    0.3866519629955292,
    0.4301035702228546,
    0.45578232407569885,
    0.4351902902126312,
    0.4354354441165924,
    0.44511857628822327,
    0.44530245661735535,
    0.4372740089893341,
    0.3999509811401367,
    0.4537598788738251,
    0.45406630635261536,
    0.45057302713394165,
    0.45045045018196106,
    0.46301403641700745,
    0.4691426157951355,
    0.46252375841140747,
    0.4654654562473297,
    0.45425015687942505,
    0.43635472655296326,
    0.44205430150032043,
    0.4766194820404053,
    0.4757001996040344,
    0.47508734464645386,
    0.47018447518348694,
    0.4730648994445801
  ],
  "val_accept_85": [
    0.21192620694637299,
    0.18385732173919678,
    0.20205920934677124,
    0.22320279479026794,
    0.22167065739631653,
    0.21578721702098846,
    0.22822822630405426,
    0.2273702323436737,
    0.2380952388048172,
    0.23576638102531433,
    0.21186493337154388,
    0.23895323276519775,
    0.25513267517089844,
    0.26506099104881287,
    0.2735184133052826,
    0.2593001127243042,
    0.26175156235694885,
    0.24992339313030243,
    0.26849299669265747,
    0.26732856035232544,
    0.27603113651275635,
    0.25114911794662476,
    0.28154686093330383,
    0.26383525133132935,
    0.27082183957099915,
    0.26052582263946533,
    0.294355571269989,
    0.2996874451637268,
    0.29515230655670166,
    0.2896365821361542,
    0.29043328762054443,
    0.2931298613548279,
    0.2819758653640747,
    0.27223142981529236,
    0.30569344758987427,
    0.3013421595096588,
    0.3011583089828491,
    0.29864558577537537,
    0.31145432591438293,
    0.3188698887825012,
    0.3020162880420685,
    0.3118833005428314,
    0.31874731183052063,
    0.2978488802909851,
    0.29692956805229187,
    0.32689833641052246,
    0.31795060634613037,
    0.3283692002296448,
    0.3231599032878876,
    0.3282466232776642
  ],