{
  "timestamp": "2026-02-08T11:46:39.602573",
  "batch_size": 11000,
  "max_seq_len": 50,
  "hidden_dim": 4096,
  "total_valid_positions": 406129,
  "cos_sim_mean": 0.7885110378265381,
  "cos_sim_std": 0.16107910871505737,
  "cos_sim_min": -0.20909038186073303,
  "cos_sim_max": 0.9992284178733826,
  "cos_sim_median": 0.7891010046005249,
  "accept_80": 0.46802371740341187,
  "accept_85": 0.3479510247707367,
  "accept_90": 0.27766793966293335,
  "accept_95": 0.2186029553413391,
  "consecutive_mean_80": 10.171091079711914,
  "consecutive_std_80": 5.461583614349365,
  "consecutive_max_80": 48.0,
  "consecutive_min_80": 2.0,
  "consecutive_median_80": 10.0,
  "consecutive_mean_85": 9.243727684020996,
  "consecutive_std_85": 4.686533451080322,
  "consecutive_max_85": 38.0,
  "consecutive_min_85": 2.0,
  "consecutive_median_85": 9.0,
  "consecutive_mean_90": 8.304454803466797,
  "consecutive_std_90": 3.9859213829040527,
  "consecutive_max_90": 37.0,
  "consecutive_min_90": 1.0,
  "consecutive_median_90": 8.0,
  "consecutive_mean_95": 6.734090805053711,
  "consecutive_std_95": 3.3494155406951904,
  "consecutive_max_95": 33.0,
  "consecutive_min_95": 1.0,
  "consecutive_median_95": 7.0,
  "num_hidden_tokens_mean": 36.92081832885742,
  "num_hidden_tokens_std": 10.862395286560059,
  "num_hidden_tokens_min": 11.0,
  "num_hidden_tokens_max": 50.0,
  "sd_accept_rate_prefill_gamma": 0.22492607638049048,
  "sd_gamma_prefill": 36.92081832885742,
  "sd_accept_rate_decode_gamma5": 0.9434182167053222,
  "sd_consecutive_gamma5": 4.717091083526611,
  "sd_gamma_decode": 5,
  "speedup_prefill": 1.5806451612903225,
  "prefill_overlap_window_ms": 131.5,
  "prefill_free_draft_tokens": 7.2,
  "prefill_effective_tokens": 7.2,
  "speedup_decode_gamma5": 5.393482154270388,
  "decode_overhead_ratio": 0.06,
  "speedup_e2e": 0.9541433112783552,
  "e2e_baseline_time_ms": 1560.0,
  "e2e_sd_time_ms": 1634.9745175176272,
  "e2e_num_output_tokens": 50,
  "position_accept_90": [
    1.0,
    0.9990909099578857,
    0.989545464515686,
    0.883545458316803,
    0.8792726993560791,
    0.7537272572517395,
    0.7016363739967346,
    0.5880908966064453,
    0.5731818079948425,
    0.3972727358341217,
    0.3254545331001282,
    0.3026638925075531,
    0.27138832211494446,
    0.1901254802942276,
    0.14658543467521667,
    0.1364917755126953,
    0.11549321562051773,
    0.10399188846349716,
    0.1373523324728012,
    0.10710183531045914
  ],
  "position_mean_sim": [
    0.9952289462089539,
    0.988531231880188,
    0.9906457662582397,
    0.940478503704071,
    0.9417135119438171,
    0.905463695526123,
    0.8909121751785278,
    0.8641194105148315,
    0.8606908917427063,
    0.8067425489425659,
    0.7806081175804138,
    0.7722101211547852,
    0.7954848408699036,
    0.7661736607551575,
    0.7449944615364075,
    0.7430980205535889,
    0.7386632561683655,
    0.7431433796882629,
    0.7399136424064636,
    0.750976026058197
  ],
  "token_top1_match": 0.26506848809122224,
  "token_top5_match": 0.40731147000091106,
  "token_top10_match": 0.49585476535780504,
  "token_consecutive_mean": 5.83545446395874,
  "token_consecutive_std": 3.633923292160034,
  "token_consecutive_median": 6.0,
  "token_consecutive_max": 25.0,
  "token_consecutive_min": 0.0,
  "position_token_accept": [
    0.9422727227210999,
    0.9475454688072205,
    0.8107272982597351,
    0.9059090614318848,
    0.768818199634552,
    0.7307272553443909,
    0.5535454750061035,
    0.529909074306488,
    0.4000000059604645,
    0.3850909173488617,
    0.28490909934043884,
    0.2874806821346283,
    0.1976543366909027,
    0.1543007791042328,
    0.14476674795150757,
    0.09620805829763412,
    0.15884871780872345,
    0.13976214826107025,
    0.16351021826267242,
    0.1333269476890564
  ],
  "token_sd_gamma_prefill": 7,
  "token_sd_prefill_consecutive_mean": 4.909181594848633,
  "token_sd_prefill_accept_rate": 0.7013116564069476,
  "token_sd_decode_consecutive_mean": 3.8881819248199463,
  "token_sd_decode_accept_rate": 0.7776363849639892,
  "token_sd_gamma_decode": 5,
  "token_sd_e2e_speedup": 0.8388648637351033,
  "token_sd_e2e_baseline_ms": 1560.0,
  "token_sd_e2e_sd_ms": 1859.6559081685614,
  "cosim_80_token_match": 0.5392680899420238,
  "cosim_80_count": 190078,
  "cosim_85_token_match": 0.6892996398066703,
  "cosim_85_count": 141313,
  "cosim_90_token_match": 0.7984641169115626,
  "cosim_90_count": 112769,
  "cosim_92_token_match": 0.8257243449151564,
  "cosim_92_count": 103956,
  "cosim_95_token_match": 0.8669197238147802,
  "cosim_95_count": 88781,
  "cosim_98_token_match": 0.9139102636186927,
  "cosim_98_count": 62249,
  "cosim_token_pearson_r": 0.610788881778717,
  "baseline_vl_prefill_ms": 310.0,
  "baseline_vl_decode_ms": 1250.0,
  "baseline_total_ms": 1560.0,
  "sd_parallel_prefill_ms": 310.0,
  "sd_decode_ms": 1324.9745175176272,
  "sd_total_ms": 1634.9745175176272,
  "sd_iterations": 8.745706386254964,
  "time_ratio_prefill": 0.18960540160018596,
  "time_ratio_decode": 0.810394598399814
}