{
  "strategy": "token_projection",
  "num_epochs": 20,
  "train_size": 160,
  "val_size": 40,
  "final_stats": {
    "train_losses": [
      1.5592761933803558,
      1.488748550415039,
      1.4733743786811828,
      1.466546767950058,
      1.460876852273941,
      1.457379126548767,
      1.4549715340137481,
      1.4511107206344604,
      1.4498145163059235,
      1.4465233206748962,
      1.444565236568451,
      1.4433255672454834,
      1.4419983088970185,
      1.4402603268623353,
      1.4395896255970002,
      1.4383533954620362,
      1.4371707022190094,
      1.4360303640365601,
      1.4350391566753387,
      1.43297638297081
    ],
    "val_losses": [
      1.4983133554458619,
      1.4803305625915528,
      1.473568820953369,
      1.4706609010696412,
      1.4687795639038086,
      1.4671193599700927,
      1.4660571575164796,
      1.466302752494812,
      1.4639423847198487,
      1.4631535768508912,
      1.4623944520950318,
      1.4617658615112306,
      1.4614052057266236,
      1.4617131233215332,
      1.4604060411453248,
      1.459348440170288,
      1.4598217487335206,
      1.458617901802063,
      1.4581326961517334,
      1.457807993888855
    ],
    "acceptance_rates": [
      0.02362396492937165,
      0.02362396492937165,
      0.02362396492937165,
      0.02362396492937165,
      0.02362396492937165,
      0.02362396492937165,
      0.02362396492937165,
      0.02362396492937165,
      0.02362396492937165,
      0.02362396492937165,
      0.02362396492937165,
      0.02362396492937165,
      0.02362396492937165,
      0.02362396492937165,
      0.02362396492937165,
      0.02362396492937165,
      0.02362396492937165,
      0.02362396492937165,
      0.02362396492937165,
      0.02362396492937165
    ]
  },
  "timestamp": "2026-01-23T15:15:53.511305"
}