{
  "timestamp": "2026-02-07T01:05:11.885879",
  "batch_size": 11000,
  "max_seq_len": 50,
  "hidden_dim": 4096,
  "total_valid_positions": 406129,
  "cos_sim_mean": 0.7840801477432251,
  "cos_sim_std": 0.1555779129266739,
  "cos_sim_min": -0.2015375792980194,
  "cos_sim_max": 0.9993712306022644,
  "cos_sim_median": 0.7861435413360596,
  "accept_80": 0.4529176652431488,
  "accept_85": 0.3161803185939789,
  "accept_90": 0.2411302775144577,
  "accept_95": 0.19042964279651642,
  "consecutive_mean_80": 9.023364067077637,
  "consecutive_std_80": 4.178238391876221,
  "consecutive_max_80": 37.0,
  "consecutive_min_80": 2.0,
  "consecutive_median_80": 9.0,
  "consecutive_mean_85": 8.262636184692383,
  "consecutive_std_85": 3.7045421600341797,
  "consecutive_max_85": 33.0,
  "consecutive_min_85": 2.0,
  "consecutive_median_85": 9.0,
  "consecutive_mean_90": 7.6191816329956055,
  "consecutive_std_90": 3.4004721641540527,
  "consecutive_max_90": 16.0,
  "consecutive_min_90": 1.0,
  "consecutive_median_90": 7.0,
  "consecutive_mean_95": 6.3075456619262695,
  "consecutive_std_95": 3.016042947769165,
  "consecutive_max_95": 15.0,
  "consecutive_min_95": 1.0,
  "consecutive_median_95": 7.0,
  "num_hidden_tokens_mean": 36.92081832885742,
  "num_hidden_tokens_std": 10.862395286560059,
  "num_hidden_tokens_min": 11.0,
  "num_hidden_tokens_max": 50.0,
  "sd_accept_rate_prefill_gamma": 0.20636545932245576,
  "sd_gamma_prefill": 36.92081832885742,
  "sd_accept_rate_decode_gamma5": 0.9212727546691895,
  "sd_consecutive_gamma5": 4.606363773345947,
  "sd_gamma_decode": 5,
  "speedup_prefill": 1.5806451612903225,
  "prefill_overlap_window_ms": 131.5,
  "prefill_free_draft_tokens": 7.2,
  "prefill_effective_tokens": 7.2,
  "speedup_decode_gamma5": 5.289022427684856,
  "decode_overhead_ratio": 0.06,
  "speedup_e2e": 0.9391123224197332,
  "e2e_baseline_time_ms": 1560.0,
  "e2e_sd_time_ms": 1661.143148436682,
  "e2e_num_output_tokens": 50,
  "position_accept_90": [
    1.0,
    0.9998182058334351,
    0.9889090657234192,
    0.8242727518081665,
    0.8223636150360107,
    0.7437272667884827,
    0.6874545216560364,
    0.5763636231422424,
    0.5648182034492493,
    0.3566363751888275,
    0.2624545395374298,
    0.2505682408809662,
    0.21420128643512726,
    0.11656665056943893,
    0.08784213662147522,
    0.048467762768268585,
    0.01302486564964056,
    0.019360192120075226,
    0.043596476316452026,
    0.05513016879558563
  ],
  "position_mean_sim": [
    0.9951497912406921,
    0.9890394806861877,
    0.9904922842979431,
    0.9252006411552429,
    0.9329482316970825,
    0.9063915014266968,
    0.8912090063095093,
    0.8598743081092834,
    0.8584160804748535,
    0.8043122291564941,
    0.7762782573699951,
    0.768487274646759,
    0.7889246344566345,
    0.7580388188362122,
    0.7363370656967163,
    0.7366741299629211,
    0.7252370119094849,
    0.727901816368103,
    0.7311733365058899,
    0.7425701022148132
  ],
  "token_top1_match": 0.24387817663845723,
  "token_top5_match": 0.3857813650342625,
  "token_top10_match": 0.4837748597120619,
  "token_consecutive_mean": 5.479454517364502,
  "token_consecutive_std": 3.2023799419403076,
  "token_consecutive_median": 6.0,
  "token_consecutive_max": 15.0,
  "token_consecutive_min": 0.0,
  "position_token_accept": [
    0.9500908851623535,
    0.943363606929779,
    0.8160908818244934,
    0.8709999918937683,
    0.7389090657234192,
    0.7363636493682861,
    0.4947272837162018,
    0.5141817927360535,
    0.40909090638160706,
    0.3821818232536316,
    0.26872727274894714,
    0.2756614089012146,
    0.17292481660842896,
    0.1004728153347969,
    0.10111849009990692,
    0.07020096480846405,
    0.08197467774152756,
    0.046648841351270676,
    0.08034877479076385,
    0.11188744008541107
  ],
  "token_sd_gamma_prefill": 7,
  "token_sd_prefill_consecutive_mean": 4.849181652069092,
  "token_sd_prefill_accept_rate": 0.6927402360098702,
  "token_sd_decode_consecutive_mean": 3.937000036239624,
  "token_sd_decode_accept_rate": 0.7874000072479248,
  "token_sd_gamma_decode": 5,
  "token_sd_e2e_speedup": 0.8458344321634655,
  "token_sd_e2e_baseline_ms": 1560.0,
  "token_sd_e2e_sd_ms": 1844.3325793794538,
  "cosim_80_token_match": 0.5096741925487787,
  "cosim_80_count": 183943,
  "cosim_85_token_match": 0.6842691379176077,
  "cosim_85_count": 128410,
  "cosim_90_token_match": 0.8090574900439089,
  "cosim_90_count": 97930,
  "cosim_92_token_match": 0.8321530294466425,
  "cosim_92_count": 90231,
  "cosim_95_token_match": 0.8719145579849752,
  "cosim_95_count": 77339,
  "cosim_98_token_match": 0.9135215561039338,
  "cosim_98_count": 55112,
  "cosim_token_pearson_r": 0.5966631174087524,
  "baseline_vl_prefill_ms": 310.0,
  "baseline_vl_decode_ms": 1250.0,
  "baseline_total_ms": 1560.0,
  "sd_parallel_prefill_ms": 310.0,
  "sd_decode_ms": 1351.143148436682,
  "sd_total_ms": 1661.143148436682,
  "sd_iterations": 8.918436623344435,
  "time_ratio_prefill": 0.18661847432699827,
  "time_ratio_decode": 0.8133815256730017
}