{
  "train_loss": [
    1.4998027477413416,
    1.3732265168084548,
    1.3548537019926767,
    1.334930601171576,
    1.3219054689487586,
    1.3178412348318558,
    1.3122728949842544,
    1.306618052176558,
    1.2967941279594715,
    1.293698288500309,
    1.2854997729166195,
    1.291174582277353,
    1.2811432592570782,
    1.275817184923933,
    1.2779946698305698,
    1.2755539745378952,
    1.2716259761498525,
    1.2697183991280885,
    1.267290114926604,
    1.2626983663783624,
    1.2605597482850919,
    1.2582116823356886,
    1.2549727755383804,
    1.2527667285444646,
    1.2578573506325483,
    1.2537752652110963,
    1.2470823676826863,
    1.2510412149131298,
    1.247163893081821,
    1.2431075032800436,
    1.2438000002159522,
    1.239044170683393,
    1.2406137969631414,
    1.2396599597369249,
    1.2399116625579505,
    1.234648067647448,
    1.235310125666169,
    1.2322620146263104,
    1.2323309710392585,
    1.231704600012073,
    1.22897912389957,
    1.226496589728273,
    1.2251342095148106,
    1.2240774144346898,
    1.2206585210246534,
    1.2229560606468182,
    1.2221750596968026,
    1.2196053156199365,
    1.2198682020489986,
    1.2170864216123636
  ],
  "train_cos_sim": [
    0.7519192937403344,
    0.7702107216733006,
    0.7716333877581817,
    0.7745528415991709,
    0.7766626573239381,
    0.7772869214845392,
    0.7782414494655453,
    0.7791931925771328,
    0.7809736197097943,
    0.7815066396187131,
    0.7830231778610212,
    0.7819204699391356,
    0.7837403314188123,
    0.7847203316453558,
    0.7843263950915291,
    0.7847657852018108,
    0.7854549547370809,
    0.785764389599745,
    0.7862211026681157,
    0.787073963178465,
    0.7874523227174695,
    0.7879029983081497,
    0.7884752112798966,
    0.7888571033970668,
    0.7879364678922754,
    0.788659989905472,
    0.7899012287648824,
    0.7891478973369186,
    0.7898446628107474,
    0.7906206594063685,
    0.790502064789717,
    0.791321440671499,
    0.7910353208963687,
    0.7912436020918764,
    0.791188345863842,
    0.7921432882117537,
    0.7920032281858417,
    0.7925411397591233,
    0.7925605038180947,
    0.7926657326662769,
    0.7931373223232535,
    0.7936250250786543,
    0.7938672711786169,
    0.7940413238337407,
    0.7946535784464616,
    0.7942351400852203,
    0.7943968531460717,
    0.7948632282563127,
    0.7948061163322284,
    0.7953086000365707
  ],
  "val_loss": [
    1.4401775165037676,
    1.4061083143407649,
    1.3729495135220615,
    1.353793588551608,
    1.3206678195433184,
    1.3457676063884387,
    1.3371860980987549,
    1.33410597931255,
    1.3280073079195889,
    1.360409227284518,
    1.3377303643660112,
    1.3069308671084316,
    1.3165078163146973,
    1.311209797859192,
    1.2999336177652532,
    1.2960429841821843,
    1.31507268818942,
    1.3109149607745083,
    1.294980981133201,
    1.3083131204951892,
    1.2847059856761585,
    1.291459625417536,
    1.3086246035315774,
    1.307361830364574,
    1.2899507609280674,
    1.2699065967039629,
    1.2814008539373225,
    1.2821487838571721,
    1.3031077276576648,
    1.343296549536965,
    1.280594825744629,
    1.292083902792497,
    1.2873523343693127,
    1.305858482014049,
    1.2733326716856523,
    1.266484488140453,
    1.2620082876899026,
    1.2724459604783491,
    1.2727664600719104,
    1.2713376500389793,
    1.2499486858194524,
    1.2669160257686267,
    1.266079837625677,
    1.2766518917950718,
    1.2892245921221646,
    1.2759713693098589,
    1.2643381682309238,
    1.274096358906139,
    1.257036263292486,
    1.2722361846403643
  ],
  "val_cos_sim": [
    0.7600360729477622,
    0.7625696875832297,
    0.768694135275754,
    0.7714632641185414,
    0.777543842792511,
    0.7723868489265442,
    0.7739086530425332,
    0.7747924436222423,
    0.7755065777085044,
    0.7702138098803434,
    0.7741714065725153,
    0.7795478322289207,
    0.777827961878343,
    0.7789666219191118,
    0.7810516357421875,
    0.781316567551006,
    0.7781860882585699,
    0.7790544141422618,
    0.7819125706499274,
    0.7792320088906721,
    0.7837420972910795,
    0.782400369644165,
    0.779211775823073,
    0.7797074209560048,
    0.782807545228438,
    0.786157407543876,
    0.784669426354495,
    0.7840394431894476,
    0.7810725244608793,
    0.773231099952351,
    0.784249256957661,
    0.7822313471273943,
    0.7832126183943315,
    0.7799822362986478,
    0.7855205644260753,
    0.7870462807742032,
    0.7875998182730242,
    0.7857347564263777,
    0.7858720042488792,
    0.785810112953186,
    0.7897930307821794,
    0.786748772317713,
    0.7869428396224976,
    0.7851658734408292,
    0.7829079736362804,
    0.7848948294466193,
    0.787319156256589,
    0.7856085029515353,
    0.7883784120733087,
    0.7856490395285867
  ],
  "val_accept_80": [
    0.354415625333786,
    0.3680823743343353,
    0.400257408618927,
    0.400747686624527,
    0.42587485909461975,
    0.4112275540828705,
    0.4210332930088043,
    0.42232027649879456,
    0.43984800577163696,
    0.3965189754962921,
    0.40626341104507446,
    0.43457743525505066,
    0.4465894401073456,
    0.43463870882987976,
    0.4441380202770233,
    0.45087945461273193,
    0.4323711395263672,
    0.43653857707977295,
    0.4425445795059204,
    0.44383159279823303,
    0.4548017382621765,
    0.45762088894844055,
    0.42801985144615173,
    0.43083900213241577,
    0.4494698643684387,
    0.46301403641700745,
    0.4510633051395416,
    0.460317462682724,
    0.45075687766075134,
    0.41312742233276367,
    0.45976588129997253,
    0.45627260208129883,
    0.4537598788738251,
    0.4413188695907593,
    0.4728197455406189,
    0.4622786045074463,
    0.46430104970932007,
    0.47030705213546753,
    0.4678556025028229,
    0.46987804770469666,
    0.4670588970184326,
    0.46515902876853943,
    0.47520989179611206,
    0.4622173309326172,
    0.44358643889427185,
    0.4620947539806366,
    0.4656493365764618,
    0.4660783112049103,
    0.4778451919555664,
    0.45063430070877075
  ],
  "val_accept_85": [
    0.22271250188350677,
    0.229086235165596,
    0.2535392642021179,
    0.25292640924453735,
    0.27584728598594666,
    0.2452656775712967,
    0.2594839632511139,
    0.26910585165023804,
    0.2660415470600128,
    0.2676349878311157,
    0.2681865394115448,
    0.28332415223121643,
    0.2825887203216553,
    0.2854078710079193,
    0.27952441573143005,
    0.2944168746471405,
    0.28314027190208435,
    0.29000428318977356,
    0.29172030091285706,
    0.29368144273757935,
    0.29686829447746277,
    0.29907459020614624,
    0.2852852940559387,
    0.2983391582965851,
    0.2946007251739502,
    0.31139302253723145,
    0.3071643114089966,
    0.3085125982761383,
    0.32009559869766235,
    0.28485628962516785,
    0.3034871518611908,
    0.29913586378097534,
    0.30569344758987427,
    0.3033645749092102,
    0.31494760513305664,
    0.3196665942668915,
    0.3205246031284332,
    0.3156217336654663,
    0.31978917121887207,
    0.3142121732234955,
    0.3240791857242584,
    0.31862473487854004,
    0.3139670193195343,
    0.31611204147338867,
    0.3246307671070099,
    0.3177667558193207,
    0.3192988932132721,
    0.3300851881504059,
    0.3213213086128235,
    0.3049580156803131
  ],