{
  "benchmark_info": {
    "model": "LLaVA-7B",
    "num_runs": 10,
    "successful_runs": 10,
    "timestamp": "2025-09-05 14:14:18"
  },
  "total_times": [
    7.014653205871582,
    6.7001283168792725,
    6.954087734222412,
    7.063763380050659,
    6.827295303344727,
    6.6893815994262695,
    7.173038959503174,
    6.979494571685791,
    6.749322414398193,
    7.122347831726074
  ],
  "step_statistics": {
    "step1: convert video frames to images": {
      "durations": [
        0.0005,
        0.0005,
        0.0005,
        0.0005,
        0.0005,
        0.0005,
        0.0005,
        0.0005,
        0.0005,
        0.0005
      ],
      "average": 0.0005,
      "minimum": 0.0005,
      "maximum": 0.0005,
      "std_dev": 0.0,
      "num_runs": 10
    },
    "step2: encode image tensors into features": {
      "durations": [
        0.1602,
        0.1569,
        0.1621,
        0.1817,
        0.1676,
        0.1588,
        0.1609,
        0.1814,
        0.1821,
        0.1739
      ],
      "average": 0.16856,
      "minimum": 0.1569,
      "maximum": 0.1821,
      "std_dev": 0.010283773626446667,
      "num_runs": 10
    },
    "step3: generate the output": {
      "durations": [
        1.5755,
        1.567,
        1.5374,
        1.5313,
        1.5883,
        1.5267,
        1.5078,
        1.5868,
        1.5726,
        1.5251
      ],
      "average": 1.55185,
      "minimum": 1.5078,
      "maximum": 1.5883,
      "std_dev": 0.029229180624848167,
      "num_runs": 10
    }
  }
}