{
  "benchmark_info": {
    "model": "LLaVA-7B",
    "num_runs": 10,
    "successful_runs": 10,
    "timestamp": "2025-09-05 14:19:01"
  },
  "total_times": [
    6.840423822402954,
    6.773367881774902,
    7.155921936035156,
    6.920703887939453,
    6.8111889362335205,
    7.196415185928345,
    6.899157762527466,
    6.822847366333008,
    7.294060945510864,
    6.900617599487305
  ],
  "step_statistics": {
    "step1: convert video frames to images": {
      "durations": [
        0.0005,
        0.0003,
        0.0005,
        0.0004,
        0.0005,
        0.0005,
        0.0005,
        0.0005,
        0.0005,
        0.0005
      ],
      "average": 0.00047,
      "minimum": 0.0003,
      "maximum": 0.0005,
      "std_dev": 6.74948557710553e-05,
      "num_runs": 10
    },
    "step2: encode image tensors into features": {
      "durations": [
        0.1632,
        0.1594,
        0.1664,
        0.1606,
        0.1711,
        0.1708,
        0.1588,
        0.1668,
        0.1568,
        0.1832
      ],
      "average": 0.16571,
      "minimum": 0.1568,
      "maximum": 0.1832,
      "std_dev": 0.007901399313483099,
      "num_runs": 10
    },
    "step3: generate the output": {
      "durations": [
        1.5555,
        1.5496,
        1.5336,
        1.5086,
        1.568,
        1.592,
        1.5611,
        1.5128,
        1.5261,
        1.5947
      ],
      "average": 1.5502,
      "minimum": 1.5086,
      "maximum": 1.5947,
      "std_dev": 0.030142771383312925,
      "num_runs": 10
    }
  }
}