{
  "train_loss": [
    1.4924193048992982,
    1.3556500432583003,
    1.3342096848556628,
    1.3149789048788638,
    1.3075212453706906,
    1.300775011141713,
    1.295130881265952,
    1.2888857174951296,
    1.2864959553743784,
    1.2785942223496163,
    1.2780794954070678,
    1.2716172717225094,
    1.2719305525892055,
    1.273608291664949,
    1.2709034208494883,
    1.269370146955435,
    1.2639763979957654,
    1.2651209336920426,
    1.2651651653532798,
    1.2633398165209935,
    1.262066896718282,
    1.2575256176866019,
    1.2581902275291772,
    1.2573477565669096,
    1.259868789034394,
    1.2563023091508791,
    1.254023219530399,
    1.256792245576015,
    1.2541555288032844,
    1.2523461782301848,
    1.2499601588799403,
    1.2527213936241774,
    1.2479610801316225,
    1.2511876344394226,
    1.2501395626996572,
    1.2490422354581265,
    1.2499258720244353,
    1.2465510186381066,
    1.2468229290097952,
    1.2449167168770845,
    1.2437353496654675,
    1.245013949389641,
    1.2433889836359482
  ],
  "train_cos_sim": [
    0.7526249188499955,
    0.774003042266346,
    0.7752011911227152,
    0.7779867207774749,
    0.7791197888839704,
    0.7802199381761826,
    0.7812349970380847,
    0.7823420219266644,
    0.7827403512425147,
    0.7841686837805005,
    0.7842404561547133,
    0.7853856901280009,
    0.7853426610907683,
    0.7850121494669181,
    0.7854989183923373,
    0.7857663195150403,
    0.7867596690328076,
    0.7865491006523371,
    0.7865227189344856,
    0.7868469918433291,
    0.787075925188569,
    0.787934390326532,
    0.7877927814395382,
    0.7879373065124338,
    0.7874719544242208,
    0.7881309782656339,
    0.7885283519012424,
    0.78801316051529,
    0.7884914739630543,
    0.7888171141250775,
    0.7892489915427107,
    0.7887348198116972,
    0.7896200164865989,
    0.7890088757356772,
    0.7892063257929224,
    0.7894093048973725,
    0.7892415825850688,
    0.7898419048780432,
    0.7897941636351439,
    0.7901379802765754,
    0.790366789397712,
    0.7901184235771115,
    0.7904126352558916
  ],
  "val_loss": [
    1.4517512863332576,
    1.393740556456826,
    1.368941220370206,
    1.3542332215742632,
    1.3740805279124866,
    1.3488014936447144,
    1.320013631473888,
    1.3245737769386985,
    1.322380163452842,
    1.3230921246788718,
    1.3314204866235906,
    1.3404921618374912,
    1.3142321651632136,
    1.3096861514178189,
    1.3019618771292947,
    1.3084036762064153,
    1.3060077753933994,
    1.3079312281175093,
    1.3105996305292302,
    1.3133876323699951,
    1.3107583739540793,
    1.3222509947690098,
    1.3003216981887817,
    1.3153228543021462,
    1.295117974281311,
    1.2944314046339556,
    1.2875533537431196,
    1.292692249471491,
    1.298568064516241,
    1.2887612039392644,
    1.295858014713634,
    1.2885412953116677,
    1.2798020297830754,
    1.2843935814770786,
    1.2920273325660012,
    1.3005937771363691,
    1.2858380404385654,
    1.2839594754305752,
    1.2909919673746282,
    1.287516474723816,
    1.2827602516521106,
    1.3002468022433193,
    1.2996646599336104
  ],
  "val_cos_sim": [
    0.7585545724088495,
    0.7653145410797813,
    0.7689823399890553,
    0.7713804515925321,
    0.7674209963191639,
    0.7720523584972728,
    0.7774462320587852,
    0.776380105452104,
    0.7768214290792291,
    0.7768168286843733,
    0.7752337780865756,
    0.7737546346404336,
    0.7783762054009871,
    0.7792332768440247,
    0.7806515368548307,
    0.7794513431462374,
    0.7797360420227051,
    0.7792887416752902,
    0.7788567813959989,
    0.7784746776927601,
    0.7790181636810303,
    0.7772783691232855,
    0.7809652144258673,
    0.7779800566759977,
    0.7817238515073602,
    0.781840216029774,
    0.783147784796628,
    0.7821671529249712,
    0.7809453552419489,
    0.7829067165201361,
    0.7814017317511819,
    0.7829486456784335,
    0.7845475294373252,
    0.7836714928800409,
    0.782282141121951,
    0.7807701609351418,
    0.7832430872050199,
    0.7837658578699286,
    0.7825587066737089,
    0.7831479798663746,
    0.7839242165738886,
    0.7809553037990223,
    0.7807389118454673
  ],
  "val_accept_80": [
    0.36219891905784607,
    0.37433353066444397,
    0.3986639678478241,
    0.4213397204875946,
    0.3859778046607971,
    0.4158239960670471,
    0.4302261471748352,
    0.4302874207496643,
    0.4321872889995575,
    0.43114542961120605,
    0.43341299891471863,
    0.4141079783439636,
    0.443157434463501,
    0.4459153115749359,
    0.43635472655296326,
    0.4353741407394409,
    0.442176878452301,
    0.43439358472824097,
    0.44334131479263306,
    0.42587485909461975,
    0.4395415782928467,
    0.4321872889995575,
    0.4462217390537262,
    0.44560888409614563,
    0.44726359844207764,
    0.4500827491283417,
    0.4519213140010834,
    0.44707971811294556,
    0.4501440227031708,
    0.44548630714416504,
    0.45909175276756287,
    0.448121577501297,
    0.4568854570388794,
    0.4587853252887726,
    0.460317462682724,
    0.45087945461273193,
    0.4516761600971222,
    0.4500827491283417,
    0.45964330434799194,
    0.45572102069854736,
    0.46135932207107544,
    0.44340258836746216,
    0.4537598788738251
  ],
  "val_accept_85": [
    0.20156891644001007,
    0.20493963360786438,
    0.23558251559734344,
    0.24771711230278015,
    0.23895323276519775,
    0.24115952849388123,
    0.26751241087913513,
    0.2560519576072693,
    0.2699638307094574,
    0.26879942417144775,
    0.2577066719532013,
    0.2640804052352905,
    0.27210885286331177,
    0.28130170702934265,
    0.2798921465873718,
    0.2820984125137329,
    0.2748667001724243,
    0.2768891453742981,
    0.2787889838218689,
    0.2766439914703369,
    0.27217012643814087,
    0.2896978557109833,
    0.28479498624801636,
    0.27793100476264954,
    0.28663358092308044,
    0.2889624238014221,
    0.2889624238014221,
    0.2890850007534027,
    0.28883984684944153,
    0.28994300961494446,
    0.28883984684944153,
    0.291536420583725,
    0.29533615708351135,
    0.2983391582965851,
    0.30091315507888794,
    0.2933137118816376,
    0.29202672839164734,
    0.2948458790779114,
    0.29723602533340454,
    0.30023902654647827,
    0.30158731341362,
    0.2944168746471405,
    0.2909848690032959
  ],
  "val_accept_90": [
    0.16694244742393494,
    0.17006802558898926,
    0.18961818516254425,
    0.19016976654529572,
    0.18667647242546082,
    0.19004718959331512,
    0.20077219605445862,
    0.18980205059051514,
    0.20169149339199066,
    0.2027946263551712,
    0.19666604697704315,
    0.1958693414926529,
    0.19966906309127808,
    0.20536863803863525,
    0.2027946263551712,
    0.20720720291137695,
    0.19868847727775574,
    0.19874976575374603,
    0.20592020452022552,
    0.2046944946050644,
    0.20316234230995178,
    0.2151130735874176,
    0.2118036448955536,
    0.2096586376428604,
    0.20959734916687012,
    0.21033278107643127,
    0.20849420130252838,
    0.21070049703121185,
    0.20953606069087982,
    0.21076178550720215,
    0.21076178550720215,
    0.21443893015384674,
    0.2150517851114273,
    0.211681067943573,
    0.214990496635437,
    0.21443893015384674,
    0.21572592854499817,
    0.21443893015384674,
    0.21480664610862732,
    0.21603235602378845,
    0.21744193136692047,
    0.21891279518604279,
    0.21253907680511475
  ],