{
  "timestamp": "2026-02-09T06:59:42.657719",
  "batch_size": 11000,
  "max_seq_len": 50,
  "hidden_dim": 4096,
  "total_valid_positions": 377745,
  "cos_sim_mean": 0.7900245785713196,
  "cos_sim_std": 0.1617533564567566,
  "cos_sim_min": -0.20349815487861633,
  "cos_sim_max": 0.9994671940803528,
  "cos_sim_median": 0.7936580181121826,
  "accept_80": 0.481438547372818,
  "accept_85": 0.35492992401123047,
  "accept_90": 0.27992165088653564,
  "accept_95": 0.2202332317829132,
  "consecutive_mean_80": 9.768181800842285,
  "consecutive_std_80": 4.924771308898926,
  "consecutive_max_80": 43.0,
  "consecutive_min_80": 2.0,
  "consecutive_median_80": 9.0,
  "consecutive_mean_85": 8.892000198364258,
  "consecutive_std_85": 4.304904460906982,
  "consecutive_max_85": 37.0,
  "consecutive_min_85": 2.0,
  "consecutive_median_85": 9.0,
  "consecutive_mean_90": 8.017545700073242,
  "consecutive_std_90": 3.820164203643799,
  "consecutive_max_90": 35.0,
  "consecutive_min_90": 1.0,
  "consecutive_median_90": 7.0,
  "consecutive_mean_95": 6.42263650894165,
  "consecutive_std_95": 3.1463117599487305,
  "consecutive_max_95": 30.0,
  "consecutive_min_95": 1.0,
  "consecutive_median_95": 7.0,
  "num_hidden_tokens_mean": 34.3404541015625,
  "num_hidden_tokens_std": 10.418718338012695,
  "num_hidden_tokens_min": 11.0,
  "num_hidden_tokens_max": 50.0,
  "sd_accept_rate_prefill_gamma": 0.23347232614808205,
  "sd_gamma_prefill": 34.3404541015625,
  "sd_accept_rate_decode_gamma5": 0.9391454696655274,
  "sd_consecutive_gamma5": 4.695727348327637,
  "sd_gamma_decode": 5,
  "speedup_prefill": 1.5806451612903225,
  "prefill_overlap_window_ms": 131.5,
  "prefill_free_draft_tokens": 7.2,
  "prefill_effective_tokens": 7.2,
  "speedup_decode_gamma5": 5.373327687101543,
  "decode_overhead_ratio": 0.06,
  "speedup_e2e": 0.9512518323044395,
  "e2e_baseline_time_ms": 1560.0,
  "e2e_sd_time_ms": 1639.9442787099265,
  "e2e_num_output_tokens": 50,
  "position_accept_90": [
    1.0,
    0.9989091157913208,
    0.9892727136611938,
    0.8749091029167175,
    0.8679999709129333,
    0.7490909099578857,
    0.6843636631965637,
    0.5565454363822937,
    0.5377272963523865,
    0.3668181896209717,
    0.3080908954143524,
    0.27237990498542786,
    0.22707423567771912,
    0.14164693653583527,
    0.12296053022146225,
    0.110989511013031,
    0.07930120080709457,
    0.08802522718906403,
    0.10035061091184616,
    0.09503491222858429
  ],
  "position_mean_sim": [
    0.9955864548683167,
    0.9883104562759399,
    0.9905815124511719,
    0.9295758008956909,
    0.9337896704673767,
    0.9000867605209351,
    0.8852794766426086,
    0.8542558550834656,
    0.8520689606666565,
    0.798809826374054,
    0.7714042067527771,
    0.7612603902816772,
    0.785291850566864,
    0.7574989199638367,
    0.7393271327018738,
    0.7391765713691711,
    0.7289053201675415,
    0.7381051182746887,
    0.7374248504638672,
    0.7473630309104919
  ],
  "token_top1_match": 0.2706984870746138,
  "token_top5_match": 0.41275728335252615,
  "token_top10_match": 0.5000780950111848,
  "token_consecutive_mean": 5.662181854248047,
  "token_consecutive_std": 3.4415180683135986,
  "token_consecutive_median": 6.0,
  "token_consecutive_max": 23.0,
  "token_consecutive_min": 0.0,
  "position_token_accept": [
    0.9430000185966492,
    0.968818187713623,
    0.8035454750061035,
    0.892090916633606,
    0.7554545402526855,
    0.7183636426925659,
    0.537818193435669,
    0.4777272641658783,
    0.3903636336326599,
    0.37536364793777466,
    0.2664545476436615,
    0.2625545859336853,
    0.17439956963062286,
    0.14492622017860413,
    0.12943214178085327,
    0.09594163298606873,
    0.11625354737043381,
    0.12818847596645355,
    0.13654884696006775,
    0.12916989624500275
  ],
  "token_sd_gamma_prefill": 7,
  "token_sd_prefill_consecutive_mean": 4.884454727172852,
  "token_sd_prefill_accept_rate": 0.6977792467389788,
  "token_sd_decode_consecutive_mean": 3.9112727642059326,
  "token_sd_decode_accept_rate": 0.7822545528411865,
  "token_sd_gamma_decode": 5,
  "token_sd_e2e_speedup": 0.8421643414281669,
  "token_sd_e2e_baseline_ms": 1560.0,
  "token_sd_e2e_sd_ms": 1852.370046153351,
  "cosim_80_token_match": 0.536646119838778,
  "cosim_80_count": 181861,
  "cosim_85_token_match": 0.6912502890216524,
  "cosim_85_count": 134073,
  "cosim_90_token_match": 0.8061831490746082,
  "cosim_90_count": 105739,
  "cosim_92_token_match": 0.8360672534092889,
  "cosim_92_count": 97601,
  "cosim_95_token_match": 0.8782214636022695,
  "cosim_95_count": 83192,
  "cosim_98_token_match": 0.9195512658547678,
  "cosim_98_count": 59367,
  "cosim_token_pearson_r": 0.6130271553993225,
  "baseline_vl_prefill_ms": 310.0,
  "baseline_vl_decode_ms": 1250.0,
  "baseline_total_ms": 1560.0,
  "sd_parallel_prefill_ms": 310.0,
  "sd_decode_ms": 1329.9442787099265,
  "sd_total_ms": 1639.9442787099265,
  "sd_iterations": 8.778510090494564,
  "time_ratio_prefill": 0.18903081282972836,
  "time_ratio_decode": 0.8109691871702717
}