{
  "total_questions": 40298,
  "unique_questions": 6577,
  "top10_total": 9039,
  "top10_percentage": 22.430393567919005,
  "top10_coverage": 22.430393567919005
}