{
  "timestamp": "2026-02-07T01:07:50.134706",
  "batch_size": 11000,
  "max_seq_len": 50,
  "hidden_dim": 4096,
  "total_valid_positions": 406129,
  "cos_sim_mean": 0.9130818247795105,
  "cos_sim_std": 0.04509581997990608,
  "cos_sim_min": 0.6272291541099548,
  "cos_sim_max": 0.9989016056060791,
  "cos_sim_median": 0.9201820492744446,
  "accept_80": 0.9835224747657776,
  "accept_85": 0.9186662435531616,
  "accept_90": 0.668130099773407,
  "accept_95": 0.1953985095024109,
  "consecutive_mean_80": 28.053728103637695,
  "consecutive_std_80": 15.247573852539062,
  "consecutive_max_80": 50.0,
  "consecutive_min_80": 3.0,
  "consecutive_median_80": 28.0,
  "consecutive_mean_85": 12.36790943145752,
  "consecutive_std_85": 8.589262962341309,
  "consecutive_max_85": 50.0,
  "consecutive_min_85": 3.0,
  "consecutive_median_85": 10.0,
  "consecutive_mean_90": 0.0,
  "consecutive_std_90": 0.0,
  "consecutive_max_90": 0.0,
  "consecutive_min_90": 0.0,
  "consecutive_median_90": 0.0,
  "consecutive_mean_95": 0.0,
  "consecutive_std_95": 0.0,
  "consecutive_max_95": 0.0,
  "consecutive_min_95": 0.0,
  "consecutive_median_95": 0.0,
  "num_hidden_tokens_mean": 36.92081832885742,
  "num_hidden_tokens_std": 10.862395286560059,
  "num_hidden_tokens_min": 11.0,
  "num_hidden_tokens_max": 50.0,
  "sd_accept_rate_prefill_gamma": 0.0,
  "sd_gamma_prefill": 36.92081832885742,
  "sd_accept_rate_decode_gamma5": 0.0,
  "sd_consecutive_gamma5": 0.0,
  "sd_gamma_decode": 5,
  "speedup_prefill": 1.0,
  "prefill_overlap_window_ms": 131.5,
  "prefill_free_draft_tokens": 7.2,
  "prefill_effective_tokens": 0.0,
  "speedup_decode_gamma5": 0.9433962264150942,
  "decode_overhead_ratio": 0.06,
  "speedup_e2e": 1.0,
  "e2e_baseline_time_ms": 1560.0,
  "e2e_sd_time_ms": 1560.0,
  "e2e_num_output_tokens": 50,
  "position_accept_90": [
    0.0,
    0.4057272672653198,
    0.4000000059604645,
    0.7758181691169739,
    0.6168181896209717,
    0.7001818418502808,
    0.7449091076850891,
    0.5505454540252686,
    0.5864545702934265,
    0.545272707939148,
    0.5928182005882263,
    0.6242385506629944,
    0.6350577473640442,
    0.688034176826477,
    0.6050741076469421,
    0.5820678472518921,
    0.5700883269309998,
    0.5556374788284302,
    0.5708794593811035,
    0.6575421094894409
  ],
  "position_mean_sim": [
    0.875234842300415,
    0.9034624695777893,
    0.8955586552619934,
    0.9047691822052002,
    0.8946415185928345,
    0.9047924280166626,
    0.9205563068389893,
    0.9072864055633545,
    0.9109918475151062,
    0.8949589133262634,
    0.8912267684936523,
    0.9009502530097961,
    0.9090216755867004,
    0.9105914235115051,
    0.9050334692001343,
    0.8998288512229919,
    0.8985201120376587,
    0.9006742835044861,
    0.9032912850379944,
    0.914065420627594
  ],
  "token_top1_match": 0.24642909026442336,
  "token_top5_match": 0.7341214244735047,
  "token_top10_match": 0.8923125410891614,
  "token_consecutive_mean": 0.5400909185409546,
  "token_consecutive_std": 0.6639249920845032,
  "token_consecutive_median": 0.0,
  "token_consecutive_max": 2.0,
  "token_consecutive_min": 0.0,
  "position_token_accept": [
    0.44390907883644104,
    0.09736363589763641,
    0.37854546308517456,
    0.22627273201942444,
    0.04418182000517845,
    0.2093636393547058,
    0.0297272726893425,
    0.10336363315582275,
    0.13945454359054565,
    0.26681819558143616,
    0.2029999941587448,
    0.1843803972005844,
    0.16392399370670319,
    0.1492089480161667,
    0.16622714698314667,
    0.21087568998336792,
    0.2364514023065567,
    0.2825666069984436,
    0.2877367436885834,
    0.32886677980422974
  ],
  "token_sd_gamma_prefill": 7,
  "token_sd_prefill_consecutive_mean": 0.5400909185409546,
  "token_sd_prefill_accept_rate": 0.07715584550585065,
  "token_sd_decode_consecutive_mean": 0.5400909185409546,
  "token_sd_decode_accept_rate": 0.10801818370819091,
  "token_sd_gamma_decode": 5,
  "token_sd_e2e_speedup": 0.2983624042092798,
  "token_sd_e2e_baseline_ms": 1560.0,
  "token_sd_e2e_sd_ms": 5228.540787953204,
  "cosim_80_token_match": 0.23653542360872928,
  "cosim_80_count": 399437,
  "cosim_85_token_match": 0.22885737489178418,
  "cosim_85_count": 373097,
  "cosim_90_token_match": 0.2151451831050279,
  "cosim_90_count": 271347,
  "cosim_92_token_match": 0.22883062047210154,
  "cosim_92_count": 204151,
  "cosim_95_token_match": 0.36948221328931286,
  "cosim_95_count": 79357,
  "cosim_98_token_match": 0.6381354777156876,
  "cosim_98_count": 14674,
  "cosim_token_pearson_r": -0.08147969841957092
}