{
  "train_loss": [
    0.9257891184578722,
    0.8607304918651397,
    0.8366107251495123,
    0.8390291474329737,
    0.8228549286723137,
    0.8159451091375488,
    0.8096207246327629,
    0.797609547439676,
    0.7881847526878119,
    0.7878823317587376,
    0.7874413930022945,
    0.7783455074263307,
    0.7819884183744972,
    0.7707354155584023,
    0.7726021911232517,
    0.7658887635916471,
    0.7566522251671324,
    0.7534864155145792,
    0.7540177055276357,
    0.7556369033857033,
    0.7574611715256021,
    0.7535917773986092,
    0.7494929376989603,
    0.7497284261223215,
    0.749702640880759,
    0.7479722332925751,
    0.742273534146639,
    0.7396202315934576,
    0.7462966321752622,
    0.7496821577302538,
    0.7498280012693542,
    0.7485086491618019,
    0.7531205154955387,
    0.7457486022120485,
    0.7395152434563408,
    0.7366582297791655,
    0.7301116218933692,
    0.7309182836459234,
    0.73230173997581,
    0.7300693314665785,
    0.7256747666173257,
    0.7249987777322531,
    0.7230126809758636,
    0.7253845839116436,
    0.7216587684188898,
    0.720143726740319,
    0.7183254268736794,
    0.7178449597782813,
    0.7171184586790892,
    0.7220581555739045
  ],
  "train_cos_sim": [
    0.962565938082452,
    0.948206652314044,
    0.9437359208957508,
    0.9442744667713459,
    0.9409220474413954,
    0.9394657605399306,
    0.938216852167478,
    0.9361704716888758,
    0.9344343888358428,
    0.9343650914871922,
    0.9341490185604646,
    0.932404635903927,
    0.9329794042098981,
    0.930963724779968,
    0.9312275146635679,
    0.9300352686729568,
    0.9284961274466835,
    0.9279118613698162,
    0.9280767243785354,
    0.9283514444787915,
    0.928793832874642,
    0.9281032116223986,
    0.9272624099483857,
    0.9271135330200195,
    0.9272184054582164,
    0.9269088933674189,
    0.9258169317618012,
    0.9252999524514263,
    0.9265084776024406,
    0.9271275691974622,
    0.9270251399765794,
    0.9266810319028221,
    0.9274864776346546,
    0.9261738180111234,
    0.9250796464486764,
    0.9246239778227531,
    0.9234476959905945,
    0.9236472832182279,
    0.9239551013765427,
    0.9234227301696172,
    0.9227025516761037,
    0.9225615630499445,
    0.922267167399136,
    0.9226957142639619,
    0.9219803732748215,
    0.921714385255025,
    0.9213855131887473,
    0.9213172673749236,
    0.9211700025659341,
    0.9219830830653126
  ],
  "val_loss": [
    0.8985530246387828,
    0.8589364398609508,
    0.8488063974813982,
    0.8516153476454995,
    0.8331274390220642,
    0.8279627940871499,
    0.8129563439976085,
    0.8047150698575106,
    0.7957078218460083,
    0.8044759902087125,
    0.7851413217457858,
    0.7844522107731212,
    0.7899366021156311,
    0.779386964711276,
    0.7810391296039928,
    0.7706393924626437,
    0.7653291062875227,
    0.77517554434863,
    0.7695348371158947,
    0.7688163302161477,
    0.7709434628486633,
    0.7629931460727345,
    0.7619719234379855,
    0.7568849325180054,
    0.7611533240838484,
    0.7579323107546027,
    0.7464453198693015,
    0.7478747205300764,
    0.7601746862584894,
    0.7560620958154852,
    0.7588100162419406,
    0.7609414729205045,
    0.7599483782594855,
    0.7534849372777072,
    0.7445090900767933,
    0.7429246848279779,
    0.7404237660494718,
    0.7455168041315946,
    0.7446091229265387,
    0.7384261326356367,
    0.7361428249966014,
    0.7334097027778625,
    0.7351550568233837,
    0.7310718677260659,
    0.7303774627772245,
    0.7281735214320096,
    0.7313150113279169,
    0.7325846986337141,
    0.7313388260928068,
    0.7330607934431597
  ],
  "val_cos_sim": [
    0.9499743689190258,
    0.9391495368697427,
    0.9365354993126609,
    0.9328002333641052,
    0.9304650480096991,
    0.927345790646293,
    0.9284741445021196,
    0.9252593571489508,
    0.9225024255839261,
    0.92665311423215,
    0.9201388955116272,
    0.9243893189863726,
    0.9208838235248219,
    0.9208345684138212,
    0.922343828461387,
    0.9200152267109264,
    0.9185898303985596,
    0.9174791466106068,
    0.9171045856042341,
    0.9189627495678988,
    0.9201248938387091,
    0.9148299152200873,
    0.9193701256405223,
    0.9154835018244657,
    0.9141138629479841,
    0.9150235436179421,
    0.9143038446252997,
    0.9174132618037137,
    0.917814390225844,
    0.9178941141475331,
    0.9176422465931285,
    0.9193376519463279,
    0.9163149866190824,
    0.9148172194307501,
    0.9150575561956926,
    0.9138326807455583,
    0.9124822291460905,
    0.9146079150113192,
    0.9144101197069342,
    0.9126398455012928,
    0.9123216325586493,
    0.9133420857516202,
    0.9111879738894376,
    0.9124855182387612,
    0.9113244847817854,
    0.9119846766645258,
    0.9114055254242637,
    0.9089722633361816,
    0.9113860617984425,
    0.9126242290843617
  ],
  "val_accept_80": [
    0.9985291361808777,
    0.9975485801696777,
    0.9927070140838623,
    0.9941778779029846,
    0.9903781414031982,
    0.9916038513183594,
    0.9922167062759399,
    0.9909297227859497,
    0.9911748766899109,
    0.9900104403495789,
    0.9918490052223206,
    0.9906232953071594,
    0.9874976873397827,
    0.9913586974143982,
    0.9869461059570312,
    0.9893362522125244,
    0.9889072775840759,
    0.9881718158721924,
    0.9898265600204468,
    0.9897652864456177,
    0.9888460040092468,
    0.9898878335952759,
    0.9901942610740662,
    0.9896426796913147,
    0.9885395765304565,
    0.9863945841789246,
    0.9862719774246216,
    0.9852301478385925,
    0.9883556962013245,
    0.987926721572876,
    0.9859042763710022,
    0.988968551158905,
    0.9862107038497925,
    0.9865171313285828,
    0.9850462675094604,
    0.985781729221344,
    0.9854139685630798,
    0.9851075410842896,
    0.9863945841789246,
    0.9852301478385925,
    0.983514130115509,
    0.9848623871803284,
    0.9835754036903381,
    0.9852914214134216,
    0.985781729221344,
    0.9836980104446411,
    0.9841882586479187,
    0.9825948476791382,
    0.9846785664558411,
    0.9834528565406799
  ],
  "val_accept_85": [
    0.9927682876586914,
    0.9748728275299072,
    0.9811239838600159,
    0.9530550837516785,
    0.9596126675605774,
    0.9510939717292786,
    0.96138995885849,
    0.9509713649749756,
    0.9384690523147583,
    0.9501133561134338,
    0.9344242215156555,
    0.9420236349105835,
    0.9247410893440247,
    0.9430655241012573,
    0.9346693754196167,
    0.9345467686653137,
    0.9352209568023682,
    0.9342403411865234,
    0.9259055256843567,
    0.9336888194084167,
    0.9284794926643372,
    0.9158546328544617,
    0.9501133561134338,
    0.921615481376648,
    0.9174480438232422,
    0.9251700639724731,
    0.9197156429290771,
    0.9243120551109314,
    0.9374884963035583,
    0.9312986731529236,
    0.9311147928237915,
    0.9445363879203796,
    0.9335662126541138,
    0.9212477803230286,
    0.9240669012069702,
    0.9211252331733704,
    0.9071520566940308,
    0.9249861836433411,
    0.9200220704078674,
    0.9137709140777588,
    0.9170803427696228,
    0.9149966239929199,
    0.9066617488861084,
    0.9132806062698364,
    0.9066004753112793,
    0.9106453657150269,
    0.8991848826408386,
    0.9004105925559998,
    0.9059876203536987,
    0.9043942093849182
  ],