{
  "config": {
    "max_samples": 5,
    "max_tokens": 50,
    "max_draft": 30,
    "adapter_path": "./feasible/token_alignment/task/starred/10q_20260129_204744/best_model.pt",
    "output_dir": "./feasible/token_alignment/task/starred",
    "num_questions": 1
  },
  "summary": {
    "n_samples": 5,
    "avg_acceptance_rate": 0.0,
    "avg_speedup": 0.9999461402104963,
    "output_match_rate": 0.0
  },
  "results": [
    {
      "sample_idx": 0,
      "question": "What are the key elements in this scene?",
      "vl_output_text": "The key elements in this scene include a car driving down a winding road, surrounded by trees and mountains. The car is positioned in the middle of the road, and the road appears to be a two-way street. The car is moving",
      "vl_output_tokens": [
        450,
        1820,
        3161,
        297,
        445,
        9088,
        3160,
        263,
        1559,
        19500,
        1623,
        263,
        281,
        4015,
        6520,
        29892,
        22047,
        491,
        10697,
        322,
        19223,
        29889,
        450,
        1559,
        338,
        2602,
        287,
        297,
        278,
        7256,
        310,
        278,
        6520,
        29892,
        322,
        278,
        6520,
        5692,
        304,
        367,
        263,
        1023,
        29899,
        1582,
        11952,
        29889,
        450,
        1559,
        338,
        8401
      ],
      "vl_time_ms": 1191.816806793213,
      "egpt_draft_text": "In the scene, there is a car parked on the side of a road. The car has a visible license plate and is positioned near a",
      "egpt_draft_tokens": [
        512,
        278,
        9088,
        29892,
        727,
        338,
        263,
        1559,
        14089,
        287,
        373,
        278,
        2625,
        310,
        263,
        6520,
        29889,
        450,
        1559,
        756,
        263,
        7962,
        19405,
        15284,
        322,
        338,
        2602,
        287,
        2978,
        263
      ],
      "adapted_draft_text": "key elements in this scene include a car driving down a street, a, a, the side a, and a and a and a car the the",
      "adapted_draft_tokens": [
        1820,
        3161,
        297,
        445,
        9088,
        3160,
        263,
        1559,
        19500,
        1623,
        263,
        11952,
        29892,
        263,
        29892,
        263,
        29892,
        278,
        2625,
        263,
        29892,
        322,
        263,
        322,
        263,
        322,
        263,
        1559,
        278,
        278
      ],
      "sd_output_text": "key elements in this scene include a car driving down a winding road, surrounded by trees and mountains. The car is positioned in the middle of the road, and the road appears to be a two-way street. The car is moving at",
      "sd_output_tokens": [
        1820,
        3161,
        297,
        445,
        9088,
        3160,
        263,
        1559,
        19500,
        1623,
        263,
        281,
        4015,
        6520,
        29892,
        22047,
        491,
        10697,
        322,
        19223,
        29889,
        450,
        1559,
        338,
        2602,
        287,
        297,
        278,
        7256,
        310,
        278,
        6520,
        29892,
        322,
        278,
        6520,
        5692,
        304,
        367,
        263,
        1023,
        29899,
        1582,
        11952,
        29889,
        450,
        1559,
        338,
        8401,
        472
      ],
      "sd_time_ms": 1126.4853477478027,
      "accepted_tokens": 0,
      "rejected_at": 0,
      "acceptance_rate": 0.0,
      "egpt_prefill_ms": 248.2454776763916,
      "egpt_draft_ms": 303.70306968688965,
      "vl_prefill_ms": 315.1109218597412,
      "vl_verify_ms": 67.33179092407227,
      "vl_decode_ms": 744.0426349639893,
      "output_matches": false,
      "speedup": 1.057995835610315
    },
    {
      "sample_idx": 1,
      "question": "What are the key elements in this scene?",
      "vl_output_text": "The key elements in this scene include a car driving down a winding road, a person standing on the side of the road, and a beautiful view of the ocean in the background. The car is moving along the road, and the person standing on",
      "vl_output_tokens": [
        450,
        1820,
        3161,
        297,
        445,
        9088,
        3160,
        263,
        1559,
        19500,
        1623,
        263,
        281,
        4015,
        6520,
        29892,
        263,
        2022,
        13407,
        373,
        278,
        2625,
        310,
        278,
        6520,
        29892,
        322,
        263,
        9560,
        1776,
        310,
        278,
        23474,
        297,
        278,
        3239,
        29889,
        450,
        1559,
        338,
        8401,
        3412,
        278,
        6520,
        29892,
        322,
        278,
        2022,
        13407,
        373
      ],
      "vl_time_ms": 1103.5306453704834,
      "egpt_draft_text": "In the scene, there is a car parked on the side of a road. The car has a visible license plate and is positioned near a",
      "egpt_draft_tokens": [
        512,
        278,
        9088,
        29892,
        727,
        338,
        263,
        1559,
        14089,
        287,
        373,
        278,
        2625,
        310,
        263,
        6520,
        29889,
        450,
        1559,
        756,
        263,
        7962,
        19405,
        15284,
        322,
        338,
        2602,
        287,
        2978,
        263
      ],
      "adapted_draft_text": "key elements in this scene include a car driving down a street, a, a, the side a, and a and a and a car the the",
      "adapted_draft_tokens": [
        1820,
        3161,
        297,
        445,
        9088,
        3160,
        263,
        1559,
        19500,
        1623,
        263,
        11952,
        29892,
        263,
        29892,
        263,
        29892,
        278,
        2625,
        263,
        29892,
        322,
        263,
        322,
        263,
        322,
        263,
        1559,
        278,
        278
      ],
      "sd_output_text": "key elements in this scene include a car driving down a winding road, a person standing on the side of the road, and a beautiful view of the ocean in the background. The car is moving along the road, and the person standing on the",
      "sd_output_tokens": [
        1820,
        3161,
        297,
        445,
        9088,
        3160,
        263,
        1559,
        19500,
        1623,
        263,
        281,
        4015,
        6520,
        29892,
        263,
        2022,
        13407,
        373,
        278,
        2625,
        310,
        278,
        6520,
        29892,
        322,
        263,
        9560,
        1776,
        310,
        278,
        23474,
        297,
        278,
        3239,
        29889,
        450,
        1559,
        338,
        8401,
        3412,
        278,
        6520,
        29892,
        322,
        278,
        2022,
        13407,
        373,
        278
      ],
      "sd_time_ms": 1119.4603443145752,
      "accepted_tokens": 0,
      "rejected_at": 0,
      "acceptance_rate": 0.0,
      "egpt_prefill_ms": 90.59619903564453,
      "egpt_draft_ms": 303.59697341918945,
      "vl_prefill_ms": 314.78118896484375,
      "vl_verify_ms": 65.38939476013184,
      "vl_decode_ms": 739.2897605895996,
      "output_matches": false,
      "speedup": 0.9857701980914337
    },
    {
      "sample_idx": 2,
      "question": "What are the key elements in this scene?",