{
  "timestamp": "20260125_200414",
  "datetime": "2026-01-25 20:04:14",
  "config": {
    "quantization": "4bit",
    "max_samples": 2,
    "max_new_tokens": 50,
    "device": "cuda",
    "dataset_dir": "./data/my_egpt_dsec_test/my_egpt_dsec_seq_1s",
    "query": "What are the key elements in this scene?"
  },
  "statistics": {
    "n_samples": 2,
    "eventgpt": {
      "vision_time_avg": 0.07878196239471436,
      "prefill_time_avg": 0.11502623558044434,
      "prefill_length_avg": 637.0,
      "draft_time_avg": 1.4114512205123901,
      "draft_tokens_avg": 50.0,
      "prefill_complete_time": 0.1938081979751587,
      "output_tokens_avg": 50.0
    },
    "videollava": {
      "prefill_time_avg": 0.20939898490905762,
      "generation_time_avg": 1.4192538261413574,
      "total_time_avg": 1.628652811050415,
      "prefill_length_avg": 1173.0,
      "output_tokens_avg": 50.0
    },
    "parallel": {
      "overlap_window_avg": 0.024230360984802246,
      "theoretical_draft_tokens_avg": 0.5,
      "actual_draft_tokens_avg": 50.0
    }
  },
  "results": [
    {
      "sample_idx": 0,
      "eventgpt": {
        "vision_time": 0.15051674842834473,
        "prefill_time": 0.15798044204711914,
        "prefill_length": 637,
        "draft_tokens": 50,
        "draft_time": 1.411320447921753,
        "total_time": 1.7198176383972168,
        "output_tokens": [
          512,
          278,
          9088,
          29892,
          727,
          338,
          263,
          1559,
          19500,
          373,
          263,
          6520,
          411,
          967,
          2343,
          4366,
          29879,
          373,
          29889,
          450,
          6520,
          756,
          263,
          4796,
          1196,
          2791,
          292,
          278,
          7636,
          322,
          263,
          7254,
          1196,
          23941,
          263,
          694,
          29899,
          3364,
          292,
          10640,
          29889,
          1670,
          526,
          13814,
          373,
          1716,
          11192,
          310,
          278,
          6520
        ],
        "output_text": "In the scene, there is a car driving on a road with its headlights on. The road has a white line marking the edge and a blue line indicating a no-passing zone. There are buildings on both sides of the road"
      },
      "videollava": {
        "vision_time": 0,
        "prefill_time": 0.2912180423736572,
        "prefill_length": 1173,
        "generation_time": 1.4857802391052246,
        "total_time": 1.7769982814788818,
        "output_tokens": [
          450,
          1967,
          1401,
          919,
          29879,
          263,
          1559,
          19500,
          1623,
          385,
          4069,
          6520,
          29892,
          22047,
          491,
          10697,
          29889,
          1670,
          338,
          1790,
          7968,
          19716,
          4340,
          14432,
          373,
          278,
          1021,
          11952,
          29889,
          319,
          2022,
          508,
          367,
          3595,
          13407,
          2978,
          278,
          7636,
          310,
          278,
          3515,
          29892,
          10075,
          5366,
          1747,
          470,
          10534,
          363,
          4856,
          304
        ],
        "output_text": "The image depicts a car driving down an empty road, surrounded by trees. There is another smaller vehicle further ahead on the same street. A person can be seen standing near the edge of the frame, possibly observing or waiting for someone to"
      },
      "parallel": {
        "overlap_window": 0,
        "theoretical_draft_tokens": 0,
        "actual_draft_tokens": 50
      }
    },
    {
      "sample_idx": 1,
      "eventgpt": {
        "vision_time": 0.007047176361083984,
        "prefill_time": 0.07207202911376953,
        "prefill_length": 637,
        "draft_tokens": 50,
        "draft_time": 1.4115819931030273,
        "total_time": 1.4907011985778809,
        "output_tokens": [
          512,
          278,
          9088,
          29892,
          727,
          338,
          263,
          1559,
          19500,
          373,
          263,
          6520,
          411,
          967,
          2343,
          4366,
          29879,
          373,
          29889,
          450,
          6520,
          756,
          263,
          4796,
          1196,
          2791,
          292,
          278,
          7636,
          322,
          263,
          7254,
          1196,
          297,
          278,
          4818,
          29889,
          1670,
          526,
          10697,
          322,
          17455,
          29891,
          10161,
          373,
          1716,
          11192,
          310,
          278,
          6520
        ],
        "output_text": "In the scene, there is a car driving on a road with its headlights on. The road has a white line marking the edge and a blue line in the center. There are trees and grassy areas on both sides of the road"
      },
      "videollava": {
        "vision_time": 0,
        "prefill_time": 0.127579927444458,
        "prefill_length": 1173,
        "generation_time": 1.3527274131774902,
        "total_time": 1.4803073406219482,
        "output_tokens": [
          450,
          1967,
          1401,
          919,
          29879,
          263,
          1559,
          19500,
          1623,
          385,
          4069,
          6520,
          29892,
          22047,
          491,
          10697,
          29889,
          1670,
          338,
          1790,
          7968,
          19716,
          4340,
          14432,
          373,
          278,
          1021,
          11952,
          29889,
          319,
          2022,
          508,
          367,
          3595,
          13407,
          2978,
          697,
          310,
          1438,
          18647,
          29892,
          10075,
          10534,
          363,
          4856,
          470,
          5366,
          1747,
          1009,
          8388
        ],
        "output_text": "The image depicts a car driving down an empty road, surrounded by trees. There is another smaller vehicle further ahead on the same street. A person can be seen standing near one of these cars, possibly waiting for someone or observing their surr"
      },
      "parallel": {
        "overlap_window": 0.04846072196960449,
        "theoretical_draft_tokens": 1,
        "actual_draft_tokens": 50
      }
    }
  ],
  "errors": []
}