{
  "timestamp": "20260125_153822",
  "datetime": "2026-01-25 15:38:22",
  "config": {
    "quantization": "4bit",
    "max_samples": 3,
    "max_new_tokens": 50,
    "device": "cuda",
    "dataset_dir": "./data/my_egpt_dsec_test/my_egpt_dsec_seq_1s",
    "query": "What are the key elements in this scene?"
  },
  "statistics": {
    "n_samples": 3,
    "eventgpt": {
      "vision_time_avg": 0.04868308703104655,
      "prefill_time_avg": 0.13987294832865396,
      "prefill_length_avg": 637.0,
      "draft_time_avg": 1.7952988942464192,
      "draft_tokens_avg": 50.0,
      "prefill_complete_time": 0.1885560353597005,
      "output_tokens_avg": 50.0
    },
    "videollava": {
      "prefill_time_avg": 0.3138124148050944,
      "generation_time_avg": 1.7814359664916992,
      "total_time_avg": 2.0952483812967935,
      "prefill_length_avg": 2075.0,
      "output_tokens_avg": 50.0
    },
    "parallel": {
      "overlap_window_avg": 0.14212775230407715,
      "theoretical_draft_tokens_avg": 3.6666666666666665,
      "actual_draft_tokens_avg": 50.0
    }
  },
  "results": [
    {
      "sample_idx": 0,
      "eventgpt": {
        "vision_time": 0.12938737869262695,
        "prefill_time": 0.2823953628540039,
        "prefill_length": 637,
        "draft_tokens": 50,
        "draft_time": 1.7824163436889648,
        "total_time": 2.1941990852355957,
        "output_tokens": [
          512,
          278,
          9088,
          29892,
          727,
          338,
          263,
          1559,
          19500,
          373,
          263,
          6520,
          411,
          967,
          2343,
          4366,
          29879,
          373,
          29889,
          450,
          6520,
          756,
          263,
          4796,
          1196,
          2791,
          292,
          278,
          7636,
          322,
          263,
          7254,
          1196,
          23941,
          263,
          694,
          29899,
          3364,
          292,
          10640,
          29889,
          1670,
          526,
          13814,
          373,
          1716,
          11192,
          310,
          278,
          6520
        ],
        "output_text": "In the scene, there is a car driving on a road with its headlights on. The road has a white line marking the edge and a blue line indicating a no-passing zone. There are buildings on both sides of the road"
      },
      "videollava": {
        "vision_time": 0,
        "prefill_time": 0.36116862297058105,
        "prefill_length": 2075,
        "generation_time": 1.9172873497009277,
        "total_time": 2.278455972671509,
        "output_tokens": [
          10887,
          10887,
          10887,
          10887,
          10887,
          10887,
          10887,
          10887,
          10887,
          10887,
          10887,
          10887,
          10887,
          10887,
          10887,
          10887,
          10887,
          10887,
          10887,
          10887,
          10887,
          10887,
          10887,
          10887,
          10887,
          10887,
          10887,
          10887,
          10887,
          10887,
          10887,
          10887,
          10887,
          10887,
          10887,
          10887,
          10887,
          10887,
          10887,
          10887,
          10887,
          10887,
          10887,
          10887,
          10887,
          10887,
          10887,
          10887,
          10887,
          10887
        ],
        "output_text": "ms ms ms ms ms ms ms ms ms ms ms ms ms ms ms ms ms ms ms ms ms ms ms ms ms ms ms ms ms ms ms ms ms ms ms ms ms ms ms ms ms ms ms ms ms ms ms ms ms ms"
      },
      "parallel": {
        "overlap_window": 0,
        "theoretical_draft_tokens": 0,
        "actual_draft_tokens": 50
      }
    },
    {
      "sample_idx": 1,
      "eventgpt": {
        "vision_time": 0.009638547897338867,
        "prefill_time": 0.07088589668273926,
        "prefill_length": 637,
        "draft_tokens": 50,
        "draft_time": 1.8171675205230713,
        "total_time": 1.8976919651031494,
        "output_tokens": [
          512,
          278,
          9088,
          29892,
          727,
          338,
          263,
          1559,
          19500,
          373,
          263,
          6520,
          411,
          967,
          2343,
          4366,
          29879,
          373,
          29889,
          450,
          6520,
          756,
          263,
          4796,
          1196,
          2791,
          292,
          278,
          7636,
          322,
          263,
          7254,
          1196,
          297,
          278,
          4818,
          29889,
          1670,
          526,
          10697,
          322,
          17455,
          29891,
          10161,
          373,
          1716,
          11192,
          310,
          278,
          6520
        ],
        "output_text": "In the scene, there is a car driving on a road with its headlights on. The road has a white line marking the edge and a blue line in the center. There are trees and grassy areas on both sides of the road"
      },
      "videollava": {
        "vision_time": 0,
        "prefill_time": 0.291684627532959,
        "prefill_length": 2075,
        "generation_time": 1.7267661094665527,
        "total_time": 2.0184507369995117,
        "output_tokens": [
          10887,
          10887,
          10887,
          10887,
          10887,
          10887,
          10887,
          10887,
          10887,
          10887,
          10887,
          10887,
          10887,
          10887,
          10887,
          10887,
          10887,
          10887,
          10887,
          10887,
          10887,
          10887,
          10887,
          10887,
          10887,
          10887,
          10887,
          10887,
          10887,
          10887,
          10887,
          10887,
          10887,
          10887,
          10887,
          10887,
          10887,
          10887,
          10887,
          10887,
          10887,
          10887,
          10887,
          10887,
          10887,
          10887,
          10887,
          10887,
          10887,
          10887
        ],
        "output_text": "ms ms ms ms ms ms ms ms ms ms ms ms ms ms ms ms ms ms ms ms ms ms ms ms ms ms ms ms ms ms ms ms ms ms ms ms ms ms ms ms ms ms ms ms ms ms ms ms ms ms"
      },
      "parallel": {
        "overlap_window": 0.21116018295288086,
        "theoretical_draft_tokens": 5,
        "actual_draft_tokens": 50
      }
    },
    {
      "sample_idx": 2,
      "eventgpt": {
        "vision_time": 0.007023334503173828,
        "prefill_time": 0.06633758544921875,
        "prefill_length": 637,
        "draft_tokens": 50,
        "draft_time": 1.7863128185272217,
        "total_time": 1.8596737384796143,
        "output_tokens": [
          512,
          278,
          9088,
          29892,
          727,
          338,
          263,
          1559,
          19500,
          373,
          263,
          6520,
          411,
          967,
          2343,
          4366,
          29879,
          373,
          29889,
          450,
          6520,
          756,
          263,
          4796,
          1196,
          2791,
          292,
          278,
          7636,
          322,
          263,
          7254,
          1196,
          23941,
          263,
          694,
          29899,
          3364,
          292,
          10640,
          29889,
          1670,
          526,
          13814,
          373,
          1716,
          11192,
          310,
          278,
          6520
        ],
        "output_text": "In the scene, there is a car driving on a road with its headlights on. The road has a white line marking the edge and a blue line indicating a no-passing zone. There are buildings on both sides of the road"
      },