{
  "timestamp": "20260125_234546",
  "datetime": "2026-01-25 23:45:46",
  "config": {
    "quantization": "4bit",
    "max_samples": 2,
    "max_new_tokens": 50,
    "device": "cuda",
    "dataset_dir": "./data/my_egpt_dsec_test/my_egpt_dsec_seq_1s",
    "query": "What are the key elements in this scene?"
  },
  "statistics": {
    "n_samples": 2,
    "eventgpt": {
      "vision_time_avg": 0.06810200214385986,
      "prefill_time_avg": 0.09851980209350586,
      "prefill_length_avg": 637.0,
      "draft_time_avg": 1.9397205114364624,
      "draft_tokens_avg": 50.0,
      "prefill_complete_time": 0.16662180423736572,
      "output_tokens_avg": 50.0
    },
    "videollava": {
      "prefill_time_avg": 0.37036001682281494,
      "generation_time_avg": 1.731839656829834,
      "total_time_avg": 2.102199673652649,
      "prefill_length_avg": 4123.0,
      "output_tokens_avg": 50.0
    },
    "parallel": {
      "overlap_window_avg": 0.20373821258544922,
      "theoretical_draft_tokens_avg": 5.0,
      "actual_draft_tokens_avg": 50.0
    }
  },
  "results": [
    {
      "sample_idx": 0,
      "eventgpt": {
        "vision_time": 0.12933015823364258,
        "prefill_time": 0.12778925895690918,
        "prefill_length": 637,
        "draft_tokens": 50,
        "draft_time": 2.010354995727539,
        "total_time": 2.267474412918091,
        "output_tokens": [
          512,
          278,
          9088,
          29892,
          727,
          338,
          263,
          1559,
          19500,
          373,
          263,
          6520,
          411,
          967,
          2343,
          4366,
          29879,
          373,
          29889,
          450,
          6520,
          756,
          263,
          4796,
          1196,
          2791,
          292,
          278,
          7636,
          322,
          263,
          7254,
          1196,
          23941,
          263,
          694,
          29899,
          3364,
          292,
          10640,
          29889,
          1670,
          526,
          13814,
          373,
          1716,
          11192,
          310,
          278,
          6520
        ],
        "output_text": "In the scene, there is a car driving on a road with its headlights on. The road has a white line marking the edge and a blue line indicating a no-passing zone. There are buildings on both sides of the road"
      },
      "videollava": {
        "vision_time": 0,
        "prefill_time": 0.4276304244995117,
        "prefill_length": 4123,
        "generation_time": 1.821204423904419,
        "total_time": 2.2488348484039307,
        "output_tokens": [
          450,
          1967,
          5680,
          263,
          1559,
          19500,
          1623,
          385,
          4069,
          6520,
          29892,
          22047,
          491,
          10697,
          322,
          19223,
          29889,
          1670,
          338,
          1790,
          7968,
          19716,
          7962,
          4340,
          14432,
          373,
          278,
          1021,
          11952,
          29889,
          319,
          2022,
          508,
          367,
          3595,
          13407,
          2978,
          697,
          310,
          278,
          24413,
          29892,
          10075,
          5366,
          1747,
          470,
          10534,
          363,
          4856,
          304
        ],
        "output_text": "The image features a car driving down an empty road, surrounded by trees and mountains. There is another smaller vehicle visible further ahead on the same street. A person can be seen standing near one of the vehicles, possibly observing or waiting for someone to"
      },
      "parallel": {
        "overlap_window": 0.17051100730895996,
        "theoretical_draft_tokens": 4,
        "actual_draft_tokens": 50
      }
    },
    {
      "sample_idx": 1,
      "eventgpt": {
        "vision_time": 0.0068738460540771484,
        "prefill_time": 0.06925034523010254,
        "prefill_length": 637,
        "draft_tokens": 50,
        "draft_time": 1.8690860271453857,
        "total_time": 1.9452102184295654,
        "output_tokens": [
          512,
          278,
          9088,
          29892,
          727,
          338,
          263,
          1559,
          19500,
          373,
          263,
          6520,
          411,
          967,
          2343,
          4366,
          29879,
          373,
          29889,
          450,
          6520,
          756,
          263,
          4796,
          1196,
          2791,
          292,
          278,
          7636,
          322,
          263,
          7254,
          1196,
          297,
          278,
          4818,
          29889,
          1670,
          526,
          10697,
          322,
          17455,
          29891,
          10161,
          373,
          1716,
          11192,
          310,
          278,
          6520
        ],
        "output_text": "In the scene, there is a car driving on a road with its headlights on. The road has a white line marking the edge and a blue line in the center. There are trees and grassy areas on both sides of the road"
      },
      "videollava": {
        "vision_time": 0,
        "prefill_time": 0.31308960914611816,
        "prefill_length": 4123,
        "generation_time": 1.642474889755249,
        "total_time": 1.9555644989013672,
        "output_tokens": [
          450,
          1967,
          5680,
          263,
          1559,
          19500,
          1623,
          385,
          4069,
          6520,
          29892,
          22047,
          491,
          10697,
          322,
          19223,
          29889,
          1670,
          338,
          1790,
          7968,
          19716,
          7962,
          4340,
          14432,
          373,
          278,
          1021,
          11952,
          29889,
          319,
          2022,
          508,
          367,
          3595,
          13407,
          2978,
          697,
          310,
          278,
          24413,
          29892,
          10075,
          5366,
          1747,
          470,
          10534,
          363,
          4856,
          304
        ],
        "output_text": "The image features a car driving down an empty road, surrounded by trees and mountains. There is another smaller vehicle visible further ahead on the same street. A person can be seen standing near one of the vehicles, possibly observing or waiting for someone to"
      },
      "parallel": {
        "overlap_window": 0.23696541786193848,
        "theoretical_draft_tokens": 6,
        "actual_draft_tokens": 50
      }
    }
  ],
  "errors": []
}