{
  "timestamp": "20260127_005612",
  "datetime": "2026-01-27 00:56:40",
  "dataset_name": "my_egpt_dsec_seq_1s",
  "config": {
    "quantization": "4bit",
    "max_samples": 3,
    "max_new_tokens": 50,
    "device": "cuda"
  },
  "gpu_memory": {
    "eventgpt_model_mb": 3904.73095703125,
    "videollava_model_mb": 4047.82470703125,
    "total_models_mb": 7952.5556640625
  },
  "statistics": {
    "n_samples": 3,
    "acceptance_rate_avg": 0.4006183876183877,
    "acceptance_rate_std": 0.013515732477500745,
    "word_overlap_avg": 0.4166666666666667,
    "char_similarity_avg": 0.08095018095018096,
    "eventgpt": {
      "stage1_time_avg": 0.0024283727010091147,
      "stage1_time_std": 0.0009920246563271155,
      "stage2_time_avg": 0.004355033238728841,
      "stage2_time_std": 0.0008531323575942537,
      "stage3_time_avg": 0.0446158250172933,
      "stage3_time_std": 0.05114055294864928,
      "stage4_time_avg": 0.10088570912679036,
      "stage4_time_std": 0.02102417786295077,
      "stage5_time_avg": 0.44167693456013996,
      "stage5_time_std": 0.05815832697514222,
      "prefill_length_avg": 637.0,
      "output_tokens_avg": 42.0,
      "tokens_per_sec_avg": 95.04981791852565,
      "total_time_avg": 0.5939618746439616,
      "prefill_complete_time_avg": 0.15228494008382162,
      "gpu_peak_memory_avg": 8656.382161458334
    },
    "videollava": {
      "stage1_time_avg": 0.10816542307535808,
      "stage1_time_std": 0.007329844355407159,
      "stage2_time_avg": 0.06251907348632812,
      "stage2_time_std": 0.0003151703043421865,
      "stage3_time_avg": 3.258387247721354e-06,
      "stage3_time_std": 1.1239159602905075e-07,
      "stage4_time_avg": 0.33684388796488446,
      "stage4_time_std": 0.013249509054958569,
      "stage5_time_avg": 0.7499966621398926,
      "stage5_time_std": 0.004174083992938304,
      "prefill_length_avg": 4124.0,
      "output_tokens_avg": 50.0,
      "tokens_per_sec_avg": 66.66903390547601,
      "total_time_avg": 1.257528305053711,
      "prefill_complete_time_avg": 0.5075316429138184,
      "gpu_peak_memory_avg": 10183.025390625
    },
    "parallel": {
      "overlap_window_avg": 0.35524670282999676,
      "hidden_tokens_avg": 33.333333333333336,
      "wall_clock_total_avg": 1.257528305053711,
      "sequential_total_avg": 1.8514901796976726,
      "parallel_speedup_avg": 1.472260803391624
    }
  },
  "results": [
    {
      "sample_idx": 0,
      "eventgpt": {
        "model": "EventGPT",
        "stage1_time": 0.0038292407989501953,
        "stage2_time": 0.005560636520385742,
        "stage3_time": 0.11693501472473145,
        "stage4_time": 0.13061833381652832,
        "prefill_length": 637,
        "stage5_time": 0.3594346046447754,
        "output_tokens": [
          512,
          278,
          9088,
          29892,
          727,
          338,
          263,
          1559,
          14089,
          287,
          373,
          278,
          2625,
          310,
          263,
          6520,
          29889,
          450,
          1559,
          756,
          263,
          7962,
          19405,
          15284,
          322,
          338,
          2602,
          287,
          2978,
          263,
          3151,
          29890,
          29889,
          2
        ],
        "output_text": "In the scene, there is a car parked on the side of a road. The car has a visible license plate and is positioned near a curb.",
        "num_output_tokens": 34,
        "tokens_per_sec": 94.5930067963316,
        "avg_token_time": 0.01082055496447014,
        "total_time": 0.6163778305053711,
        "prefill_complete_time": 0.2569432258605957,
        "gpu_memory_mb": {
          "before": 7952.5556640625,
          "after": 8310.9658203125,
          "peak": 8649.501953125,
          "inference_delta": 358.41015625
        }
      },
      "videollava": {
        "model": "Video-LLaVA",
        "stage1_time": 0.11850810050964355,
        "num_frames": 8,
        "stage2_time": 0.06252098083496094,
        "stage3_time": 3.337860107421875e-06,
        "stage4_time": 0.3555581569671631,
        "prefill_length": 4124,
        "prefill_complete_time": 0.536590576171875,
        "stage5_time": 0.7542357444763184,
        "output_tokens": [
          450,
          1820,
          3161,
          297,
          445,
          9088,
          3160,
          263,
          1559,
          19500,
          1623,
          263,
          281,
          4015,
          6520,
          29892,
          263,
          2022,
          13407,
          373,
          278,
          2625,
          310,
          278,
          6520,
          29892,
          322,
          263,
          9560,
          1776,
          310,
          278,
          19223,
          297,
          278,
          3239,
          29889,
          450,
          1559,
          338,
          8401,
          3412,
          278,
          6520,
          29892,
          322,
          278,
          2022,
          13407,
          373
        ],
        "output_text": "The key elements in this scene include a car driving down a winding road, a person standing on the side of the road, and a beautiful view of the mountains in the background. The car is moving along the road, and the person standing on",
        "num_output_tokens": 50,
        "tokens_per_sec": 66.29227050849472,
        "avg_token_time": 0.015378105397127112,
        "total_time": 1.2908263206481934,
        "gpu_memory_mb": {
          "before": 7960.6806640625,
          "after": 9023.2919921875,
          "peak": 10183.025390625,
          "inference_delta": 1062.611328125
        }
      },
      "acceptance": {
        "acceptance_rate": 0.38151282051282054,
        "word_overlap": 0.45,
        "char_similarity": 0.06837606837606838,
        "length_similarity": 0.6799999999999999
      },
      "parallel": {
        "egpt_prefill_complete": 0.2569432258605957,
        "vl_prefill_complete": 0.536590576171875,
        "overlap_window": 0.2796473503112793,
        "hidden_tokens": 26,
        "hidden_decode_time": 0.2796473503112793,
        "wall_clock_prefill": 0.536590576171875,
        "wall_clock_decode": 0.7542357444763184,
        "wall_clock_total": 1.2908263206481934,
        "sequential_total": 1.9072041511535645,
        "parallel_speedup": 1.4775064008579053,
        "egpt_tokens_generated": 34,
        "vl_tokens_generated": 50
      }
    },
    {
      "sample_idx": 1,
      "eventgpt": {
        "model": "EventGPT",
        "stage1_time": 0.0017938613891601562,
        "stage2_time": 0.003711700439453125,
        "stage3_time": 0.009152889251708984,
        "stage4_time": 0.08606791496276855,
        "prefill_length": 637,
        "stage5_time": 0.4836559295654297,
        "output_tokens": [
          512,
          278,
          9088,
          29892,
          727,
          338,
          263,
          1559,
          14089,
          287,
          373,
          278,
          2625,
          310,
          263,
          6520,
          29889,
          450,
          1559,
          756,
          263,
          7962,
          19405,
          15284,
          322,
          338,
          2602,
          287,
          2978,
          263,
          5214,
          29889,
          1670,
          338,
          884,
          263,
          11952,
          4366,
          322,
          777,
          10697,
          297,
          278,
          3239,
          29889,
          2
        ],
        "output_text": "In the scene, there is a car parked on the side of a road. The car has a visible license plate and is positioned near a building. There is also a streetlight and some trees in the background.",
        "num_output_tokens": 46,
        "tokens_per_sec": 95.10893424036281,
        "avg_token_time": 0.010735299852159288,
        "total_time": 0.5843822956085205,