{
  "timestamp": "20260125_170753",
  "datetime": "2026-01-25 17:07:53",
  "config": {
    "quantization": "4bit",
    "max_samples": 2,
    "max_new_tokens": 50,
    "device": "cuda",
    "dataset_dir": "./data/my_egpt_dsec_test/my_egpt_dsec_seq_1s",
    "query": "What are the key elements in this scene?"
  },
  "statistics": {
    "n_samples": 2,
    "eventgpt": {
      "vision_time_avg": 0.06641781330108643,
      "prefill_time_avg": 0.09768664836883545,
      "prefill_length_avg": 637.0,
      "draft_time_avg": 1.4795303344726562,
      "draft_tokens_avg": 50.0,
      "prefill_complete_time": 0.16410446166992188,
      "output_tokens_avg": 50.0
    },
    "videollava": {
      "prefill_time_avg": 0.33126747608184814,
      "generation_time_avg": 0.35217368602752686,
      "total_time_avg": 0.683441162109375,
      "prefill_length_avg": 2075.0,
      "output_tokens_avg": 2.0
    },
    "parallel": {
      "overlap_window_avg": 0.16716301441192627,
      "theoretical_draft_tokens_avg": 5.5,
      "actual_draft_tokens_avg": 50.0
    }
  },
  "results": [
    {
      "sample_idx": 0,
      "eventgpt": {
        "vision_time": 0.12575054168701172,
        "prefill_time": 0.12919330596923828,
        "prefill_length": 637,
        "draft_tokens": 50,
        "draft_time": 1.5060858726501465,
        "total_time": 1.7610297203063965,
        "output_tokens": [
          512,
          278,
          9088,
          29892,
          727,
          338,
          263,
          1559,
          19500,
          373,
          263,
          6520,
          411,
          967,
          2343,
          4366,
          29879,
          373,
          29889,
          450,
          6520,
          756,
          263,
          4796,
          1196,
          2791,
          292,
          278,
          7636,
          322,
          263,
          7254,
          1196,
          23941,
          263,
          694,
          29899,
          3364,
          292,
          10640,
          29889,
          1670,
          526,
          13814,
          373,
          1716,
          11192,
          310,
          278,
          6520
        ],
        "output_text": "In the scene, there is a car driving on a road with its headlights on. The road has a white line marking the edge and a blue line indicating a no-passing zone. There are buildings on both sides of the road"
      },
      "videollava": {
        "vision_time": 0,
        "prefill_time": 0.38173341751098633,
        "prefill_length": 2075,
        "generation_time": 0.3844447135925293,
        "total_time": 0.7661781311035156,
        "output_tokens": [
          10887,
          2
        ],
        "output_text": "ms"
      },
      "parallel": {
        "overlap_window": 0.12678956985473633,
        "theoretical_draft_tokens": 4,
        "actual_draft_tokens": 50
      }
    },
    {
      "sample_idx": 1,
      "eventgpt": {
        "vision_time": 0.007085084915161133,
        "prefill_time": 0.06617999076843262,
        "prefill_length": 637,
        "draft_tokens": 50,
        "draft_time": 1.452974796295166,
        "total_time": 1.5262398719787598,
        "output_tokens": [
          512,
          278,
          9088,
          29892,
          727,
          338,
          263,
          1559,
          19500,
          373,
          263,
          6520,
          411,
          967,
          2343,
          4366,
          29879,
          373,
          29889,
          450,
          6520,
          756,
          263,
          4796,
          1196,
          2791,
          292,
          278,
          7636,
          322,
          263,
          7254,
          1196,
          297,
          278,
          4818,
          29889,
          1670,
          526,
          10697,
          322,
          17455,
          29891,
          10161,
          373,
          1716,
          11192,
          310,
          278,
          6520
        ],
        "output_text": "In the scene, there is a car driving on a road with its headlights on. The road has a white line marking the edge and a blue line in the center. There are trees and grassy areas on both sides of the road"
      },
      "videollava": {
        "vision_time": 0,
        "prefill_time": 0.28080153465270996,
        "prefill_length": 2075,
        "generation_time": 0.3199026584625244,
        "total_time": 0.6007041931152344,
        "output_tokens": [
          10887,
          2
        ],
        "output_text": "ms"
      },
      "parallel": {
        "overlap_window": 0.2075364589691162,
        "theoretical_draft_tokens": 7,
        "actual_draft_tokens": 50
      }
    }
  ],
  "errors": []
}