{
  "timestamp": "20260127_160743",
  "datetime": "2026-01-27 16:07:58",
  "dataset_name": "my_egpt_dsec_seq_1s",
  "config": {
    "quantization": "4bit",
    "max_samples": 1,
    "max_new_tokens": 50,
    "device": "cuda"
  },
  "gpu_memory": {
    "eventgpt_model_mb": 3904.73095703125,
    "videollava_model_mb": 4047.82470703125,
    "total_models_mb": 7952.5556640625
  },
  "statistics": {
    "n_samples": 1,
    "acceptance_rate_avg": 0.0196078431372549,
    "acceptance_rate_std": 0.0,
    "matched_tokens_total": 1,
    "total_tokens_compared": 51,
    "eventgpt": {
      "stage1_time_avg": 0.0038793087005615234,
      "stage1_time_std": 0.0,
      "stage2_time_avg": 0.004750490188598633,
      "stage2_time_std": 0.0,
      "stage3_time_avg": 0.11881232261657715,
      "stage3_time_std": 0.0,
      "stage4_time_avg": 0.1323232650756836,
      "stage4_time_std": 0.0,
      "stage5_time_avg": 0.3464033603668213,
      "stage5_time_std": 0.0,
      "prefill_length_avg": 637.0,
      "output_tokens_avg": 34.0,
      "tokens_per_sec_avg": 98.15147279170719,
      "total_time_avg": 0.6061687469482422,
      "prefill_complete_time_avg": 0.2597653865814209,
      "gpu_peak_memory_avg": 8649.501953125
    },
    "videollava": {
      "stage1_time_avg": 0.11841511726379395,
      "stage1_time_std": 0.0,
      "stage2_time_avg": 0.0618746280670166,
      "stage2_time_std": 0.0,
      "stage3_time_avg": 3.5762786865234375e-06,
      "stage3_time_std": 0.0,
      "stage4_time_avg": 0.3455319404602051,
      "stage4_time_std": 0.0,
      "stage5_time_avg": 0.7295091152191162,
      "stage5_time_std": 0.0,
      "prefill_length_avg": 4124.0,
      "output_tokens_avg": 50.0,
      "tokens_per_sec_avg": 68.53923954737967,
      "total_time_avg": 1.2553343772888184,
      "prefill_complete_time_avg": 0.5258252620697021,
      "gpu_peak_memory_avg": 10183.025390625
    },
    "parallel": {
      "overlap_window_avg": 0.26605987548828125,
      "hidden_tokens_avg": 26.0,
      "wall_clock_total_avg": 1.2553343772888184,
      "sequential_total_avg": 1.8615031242370605,
      "parallel_speedup_avg": 1.4828743304691474
    }
  },
  "results": [
    {
      "sample_idx": 0,
      "eventgpt": {
        "model": "EventGPT",
        "stage1_time": 0.0038793087005615234,
        "stage2_time": 0.004750490188598633,
        "stage3_time": 0.11881232261657715,
        "stage4_time": 0.1323232650756836,
        "prefill_length": 637,
        "stage5_time": 0.3464033603668213,
        "output_tokens": [
          512,
          278,
          9088,
          29892,
          727,
          338,
          263,
          1559,
          14089,
          287,
          373,
          278,
          2625,
          310,
          263,
          6520,
          29889,
          450,
          1559,
          756,
          263,
          7962,
          19405,
          15284,
          322,
          338,
          2602,
          287,
          2978,
          263,
          3151,
          29890,
          29889,
          2
        ],
        "output_text": "In the scene, there is a car parked on the side of a road. The car has a visible license plate and is positioned near a curb.",
        "num_output_tokens": 34,
        "tokens_per_sec": 98.15147279170719,
        "avg_token_time": 0.010427294355450254,
        "total_time": 0.6061687469482422,
        "prefill_complete_time": 0.2597653865814209,
        "gpu_memory_mb": {
          "before": 7952.5556640625,
          "after": 8310.9658203125,
          "peak": 8649.501953125,
          "inference_delta": 358.41015625
        }
      },
      "videollava": {
        "model": "Video-LLaVA",
        "stage1_time": 0.11841511726379395,
        "num_frames": 8,
        "stage2_time": 0.0618746280670166,
        "stage3_time": 3.5762786865234375e-06,
        "stage4_time": 0.3455319404602051,
        "prefill_length": 4124,
        "prefill_complete_time": 0.5258252620697021,
        "stage5_time": 0.7295091152191162,
        "output_tokens": [
          450,
          1820,
          3161,
          297,
          445,
          9088,
          3160,
          263,
          1559,
          19500,
          1623,
          263,
          281,
          4015,
          6520,
          29892,
          263,
          2022,
          13407,
          373,
          278,
          2625,
          310,
          278,
          6520,
          29892,
          322,
          263,
          9560,
          1776,
          310,
          278,
          19223,
          297,
          278,
          3239,
          29889,
          450,
          1559,
          338,
          8401,
          3412,
          278,
          6520,
          29892,
          322,
          278,
          2022,
          13407,
          373
        ],
        "output_text": "The key elements in this scene include a car driving down a winding road, a person standing on the side of the road, and a beautiful view of the mountains in the background. The car is moving along the road, and the person standing on",
        "num_output_tokens": 50,
        "tokens_per_sec": 68.53923954737967,
        "avg_token_time": 0.014875402255934112,
        "total_time": 1.2553343772888184,
        "gpu_memory_mb": {
          "before": 7960.6806640625,
          "after": 9023.2919921875,
          "peak": 10183.025390625,
          "inference_delta": 1062.611328125
        }
      },
      "acceptance": {
        "acceptance_rate": 0.0196078431372549,
        "matched_tokens": 1,
        "total_tokens": 51,
        "draft_tokens": 34,
        "method": "token_level_matching"
      },
      "parallel": {
        "egpt_prefill_complete": 0.2597653865814209,
        "vl_prefill_complete": 0.5258252620697021,
        "overlap_window": 0.26605987548828125,
        "hidden_tokens": 26,
        "hidden_decode_time": 0.26605987548828125,
        "wall_clock_prefill": 0.5258252620697021,
        "wall_clock_decode": 0.7295091152191162,
        "wall_clock_total": 1.2553343772888184,
        "sequential_total": 1.8615031242370605,
        "parallel_speedup": 1.4828743304691474,
        "egpt_tokens_generated": 34,
        "vl_tokens_generated": 50
      }
    }
  ],
  "errors": []
}