{
  "timestamp": "20260125_234644",
  "datetime": "2026-01-25 23:46:44",
  "config": {
    "quantization": "4bit",
    "max_samples": 2,
    "max_new_tokens": 50,
    "device": "cuda",
    "dataset_dir": "./data/my_egpt_dsec_test/my_egpt_dsec_seq_1s",
    "query": "What are the key elements in this scene?"
  },
  "statistics": {
    "n_samples": 2,
    "eventgpt": {
      "vision_time_avg": 0.06919777393341064,
      "prefill_time_avg": 0.09567844867706299,
      "prefill_length_avg": 637.0,
      "draft_time_avg": 1.9051042795181274,
      "draft_tokens_avg": 50.0,
      "prefill_complete_time": 0.16487622261047363,
      "output_tokens_avg": 50.0
    },
    "videollava": {
      "prefill_time_avg": 0.37422680854797363,
      "generation_time_avg": 1.71794855594635,
      "total_time_avg": 2.0921753644943237,
      "prefill_length_avg": 4123.0,
      "output_tokens_avg": 50.0
    },
    "parallel": {
      "overlap_window_avg": 0.2093505859375,
      "theoretical_draft_tokens_avg": 5.0,
      "actual_draft_tokens_avg": 50.0
    }
  },
  "results": [
    {
      "sample_idx": 0,
      "eventgpt": {
        "vision_time": 0.13090014457702637,
        "prefill_time": 0.12525129318237305,
        "prefill_length": 637,
        "draft_tokens": 50,
        "draft_time": 1.9596710205078125,
        "total_time": 2.215822458267212,
        "output_tokens": [
          512,
          278,
          9088,
          29892,
          727,
          338,
          263,
          1559,
          19500,
          373,
          263,
          6520,
          411,
          967,
          2343,
          4366,
          29879,
          373,
          29889,
          450,
          6520,
          756,
          263,
          4796,
          1196,
          2791,
          292,
          278,
          7636,
          322,
          263,
          7254,
          1196,
          23941,
          263,
          694,
          29899,
          3364,
          292,
          10640,
          29889,
          1670,
          526,
          13814,
          373,
          1716,
          11192,
          310,
          278,
          6520
        ],
        "output_text": "In the scene, there is a car driving on a road with its headlights on. The road has a white line marking the edge and a blue line indicating a no-passing zone. There are buildings on both sides of the road"
      },
      "videollava": {
        "vision_time": 0,
        "prefill_time": 0.42964625358581543,
        "prefill_length": 4123,
        "generation_time": 1.8035202026367188,
        "total_time": 2.233166456222534,
        "output_tokens": [
          450,
          1967,
          5680,
          263,
          1559,
          19500,
          1623,
          385,
          4069,
          6520,
          29892,
          22047,
          491,
          10697,
          322,
          19223,
          29889,
          1670,
          338,
          1790,
          7968,
          19716,
          7962,
          4340,
          14432,
          373,
          278,
          1021,
          11952,
          29889,
          319,
          2022,
          508,
          367,
          3595,
          13407,
          2978,
          697,
          310,
          278,
          24413,
          29892,
          10075,
          5366,
          1747,
          470,
          10534,
          363,
          4856,
          304
        ],
        "output_text": "The image features a car driving down an empty road, surrounded by trees and mountains. There is another smaller vehicle visible further ahead on the same street. A person can be seen standing near one of the vehicles, possibly observing or waiting for someone to"
      },
      "parallel": {
        "overlap_window": 0.17349481582641602,
        "theoretical_draft_tokens": 4,
        "actual_draft_tokens": 50
      }
    },
    {
      "sample_idx": 1,
      "eventgpt": {
        "vision_time": 0.007495403289794922,
        "prefill_time": 0.06610560417175293,
        "prefill_length": 637,
        "draft_tokens": 50,
        "draft_time": 1.8505375385284424,
        "total_time": 1.9241385459899902,
        "output_tokens": [
          512,
          278,
          9088,
          29892,
          727,
          338,
          263,
          1559,
          19500,
          373,
          263,
          6520,
          411,
          967,
          2343,
          4366,
          29879,
          373,
          29889,
          450,
          6520,
          756,
          263,
          4796,
          1196,
          2791,
          292,
          278,
          7636,
          322,
          263,
          7254,
          1196,
          297,
          278,
          4818,
          29889,
          1670,
          526,
          10697,
          322,
          17455,
          29891,
          10161,
          373,
          1716,
          11192,
          310,
          278,
          6520
        ],
        "output_text": "In the scene, there is a car driving on a road with its headlights on. The road has a white line marking the edge and a blue line in the center. There are trees and grassy areas on both sides of the road"
      },
      "videollava": {
        "vision_time": 0,
        "prefill_time": 0.31880736351013184,
        "prefill_length": 4123,
        "generation_time": 1.6323769092559814,
        "total_time": 1.9511842727661133,
        "output_tokens": [
          450,
          1967,
          5680,
          263,
          1559,
          19500,
          1623,
          385,
          4069,
          6520,
          29892,
          22047,
          491,
          10697,
          322,
          19223,
          29889,
          1670,
          338,
          1790,
          7968,
          19716,
          7962,
          4340,
          14432,
          373,
          278,
          1021,
          11952,
          29889,
          319,
          2022,
          508,
          367,
          3595,
          13407,
          2978,
          697,
          310,
          278,
          24413,
          29892,
          10075,
          5366,
          1747,
          470,
          10534,
          363,
          4856,
          304
        ],
        "output_text": "The image features a car driving down an empty road, surrounded by trees and mountains. There is another smaller vehicle visible further ahead on the same street. A person can be seen standing near one of the vehicles, possibly observing or waiting for someone to"
      },
      "parallel": {
        "overlap_window": 0.24520635604858398,
        "theoretical_draft_tokens": 6,
        "actual_draft_tokens": 50
      }
    }
  ],
  "errors": []
}