{
  "timestamp": "2026-02-07T01:00:02.785687",
  "batch_size": 11000,
  "max_seq_len": 50,
  "hidden_dim": 4096,
  "total_valid_positions": 406129,
  "cos_sim_mean": 0.7602353692054749,
  "cos_sim_std": 0.1504891961812973,
  "cos_sim_min": -0.20940187573432922,
  "cos_sim_max": 0.9943773150444031,
  "cos_sim_median": 0.7711968421936035,
  "accept_80": 0.37130075693130493,
  "accept_85": 0.20496442914009094,
  "accept_90": 0.1647776961326599,
  "accept_95": 0.13747848570346832,
  "consecutive_mean_80": 7.07136344909668,
  "consecutive_std_80": 3.3525326251983643,
  "consecutive_max_80": 17.0,
  "consecutive_min_80": 2.0,
  "consecutive_median_80": 7.0,
  "consecutive_mean_85": 6.460272789001465,
  "consecutive_std_85": 2.9748871326446533,
  "consecutive_max_85": 14.0,
  "consecutive_min_85": 2.0,
  "consecutive_median_85": 6.0,
  "consecutive_mean_90": 5.959908962249756,
  "consecutive_std_90": 2.857422351837158,
  "consecutive_max_90": 14.0,
  "consecutive_min_90": 1.0,
  "consecutive_median_90": 5.0,
  "consecutive_mean_95": 4.878454685211182,
  "consecutive_std_95": 2.63002610206604,
  "consecutive_max_95": 13.0,
  "consecutive_min_95": 1.0,
  "consecutive_median_95": 4.0,
  "num_hidden_tokens_mean": 36.92081832885742,
  "num_hidden_tokens_std": 10.862395286560059,
  "num_hidden_tokens_min": 11.0,
  "num_hidden_tokens_max": 50.0,
  "sd_accept_rate_prefill_gamma": 0.1614240754136122,
  "sd_gamma_prefill": 36.92081832885742,
  "sd_accept_rate_decode_gamma5": 0.8779999732971191,
  "sd_consecutive_gamma5": 4.389999866485596,
  "sd_gamma_decode": 5,
  "speedup_prefill": 1.4806378195362706,
  "prefill_overlap_window_ms": 131.5,
  "prefill_free_draft_tokens": 7.2,
  "prefill_effective_tokens": 5.959908962249756,
  "speedup_decode_gamma5": 5.084905534420373,
  "decode_overhead_ratio": 0.06,
  "speedup_e2e": 0.9094192917247546,
  "e2e_baseline_time_ms": 1560.0,
  "e2e_sd_time_ms": 1715.3803687641043,
  "e2e_num_output_tokens": 50,
  "position_accept_90": [
    1.0,
    0.9996363520622253,
    0.9874545335769653,
    0.7610909342765808,
    0.6579999923706055,
    0.48472726345062256,
    0.42109090089797974,
    0.2229090929031372,
    0.15672726929187775,
    0.08318182080984116,
    0.0790909081697464,
    0.1021001935005188,
    0.07500682026147842,
    0.023095108568668365,
    0.0,
    0.0,
    0.0,
    0.0,
    0.0,
    0.031010719016194344
  ],
  "position_mean_sim": [
    0.9885689616203308,
    0.9796289205551147,
    0.9815407395362854,
    0.8739675879478455,
    0.8872610926628113,
    0.8697089552879333,
    0.8532541990280151,
    0.7995367646217346,
    0.8069117665290833,
    0.7590702176094055,
    0.7270252108573914,
    0.7304698824882507,
    0.7563112378120422,
    0.7321921586990356,
    0.7149326205253601,
    0.7097323536872864,
    0.7021123170852661,
    0.7072805166244507,
    0.7061684727668762,
    0.7237421274185181
  ],
  "token_top1_match": 0.16984012468944595,
  "token_top5_match": 0.3372401379857139,
  "token_top10_match": 0.44059646073045755,
  "token_consecutive_mean": 3.933727264404297,
  "token_consecutive_std": 2.3834726810455322,
  "token_consecutive_median": 4.0,
  "token_consecutive_max": 14.0,
  "token_consecutive_min": 0.0,
  "position_token_accept": [
    0.9107272624969482,
    0.960454523563385,
    0.6840909123420715,
    0.7834545373916626,
    0.6250908970832825,
    0.46727272868156433,
    0.16099999845027924,
    0.18781818449497223,
    0.2388181835412979,
    0.18254545331001282,
    0.05527272820472717,
    0.13892172276973724,
    0.07582507282495499,
    0.035824693739414215,
    0.03164499253034592,
    0.028189506381750107,
    0.037708353251218796,
    0.015395961701869965,
    0.04631539434194565,
    0.05493874475359917
  ],
  "token_sd_gamma_prefill": 7,
  "token_sd_prefill_consecutive_mean": 3.8178181648254395,
  "token_sd_prefill_accept_rate": 0.5454025949750628,
  "token_sd_decode_consecutive_mean": 3.4722726345062256,
  "token_sd_decode_accept_rate": 0.6944545269012451,
  "token_sd_gamma_decode": 5,
  "token_sd_e2e_speedup": 0.7785325723027688,
  "token_sd_e2e_baseline_ms": 1560.0,
  "token_sd_e2e_sd_ms": 2003.7697271750385,
  "cosim_80_token_match": 0.4247924348125945,
  "cosim_80_count": 150796,
  "cosim_85_token_match": 0.6916220177314336,
  "cosim_85_count": 83242,
  "cosim_90_token_match": 0.7939211906576411,
  "cosim_90_count": 66921,
  "cosim_92_token_match": 0.8153904593080308,
  "cosim_92_count": 63182,
  "cosim_95_token_match": 0.8171186015689365,
  "cosim_95_count": 55834,
  "cosim_98_token_match": 0.8266956715751896,
  "cosim_98_count": 35856,
  "cosim_token_pearson_r": 0.5305864214897156,
  "baseline_vl_prefill_ms": 310.0,
  "baseline_vl_decode_ms": 1250.0,
  "baseline_total_ms": 1560.0,
  "sd_parallel_prefill_ms": 310.0,
  "sd_decode_ms": 1405.3803687641043,
  "sd_total_ms": 1715.3803687641043,
  "sd_iterations": 9.276438077650853,
  "time_ratio_prefill": 0.180717936176073,
  "time_ratio_decode": 0.819282063823927
}