{
  "timestamp": "2026-02-07T01:00:37.662952",
  "batch_size": 11000,
  "max_seq_len": 50,
  "hidden_dim": 4096,
  "total_valid_positions": 406129,
  "cos_sim_mean": 0.7793958187103271,
  "cos_sim_std": 0.15493403375148773,
  "cos_sim_min": -0.20795167982578278,
  "cos_sim_max": 0.9993810057640076,
  "cos_sim_median": 0.7839397192001343,
  "accept_80": 0.4435831904411316,
  "accept_85": 0.2971371114253998,
  "accept_90": 0.2193736433982849,
  "accept_95": 0.17246244847774506,
  "consecutive_mean_80": 8.997454643249512,
  "consecutive_std_80": 3.5001840591430664,
  "consecutive_max_80": 23.0,
  "consecutive_min_80": 2.0,
  "consecutive_median_80": 9.0,
  "consecutive_mean_85": 8.110727310180664,
  "consecutive_std_85": 3.419713258743286,
  "consecutive_max_85": 20.0,
  "consecutive_min_85": 2.0,
  "consecutive_median_85": 9.0,
  "consecutive_mean_90": 7.2899088859558105,
  "consecutive_std_90": 3.193981409072876,
  "consecutive_max_90": 15.0,
  "consecutive_min_90": 1.0,
  "consecutive_median_90": 7.0,
  "consecutive_mean_95": 5.83263635635376,
  "consecutive_std_95": 2.7969253063201904,
  "consecutive_max_95": 14.0,
  "consecutive_min_95": 1.0,
  "consecutive_median_95": 6.0,
  "num_hidden_tokens_mean": 36.92081832885742,
  "num_hidden_tokens_std": 10.862395286560059,
  "num_hidden_tokens_min": 11.0,
  "num_hidden_tokens_max": 50.0,
  "sd_accept_rate_prefill_gamma": 0.19744711021906022,
  "sd_gamma_prefill": 36.92081832885742,
  "sd_accept_rate_decode_gamma5": 0.9229999542236328,
  "sd_consecutive_gamma5": 4.614999771118164,
  "sd_gamma_decode": 5,
  "speedup_prefill": 1.5806451612903225,
  "prefill_overlap_window_ms": 131.5,
  "prefill_free_draft_tokens": 7.2,
  "prefill_effective_tokens": 7.2,
  "speedup_decode_gamma5": 5.297169595394494,
  "decode_overhead_ratio": 0.06,
  "speedup_e2e": 0.9402886228723686,
  "e2e_baseline_time_ms": 1560.0,
  "e2e_sd_time_ms": 1659.0650594437202,
  "e2e_num_output_tokens": 50,
  "position_accept_90": [
    1.0,
    0.9998182058334351,
    0.9883636236190796,
    0.8305454254150391,
    0.8492727279663086,
    0.7374545335769653,
    0.6848182082176208,
    0.5084545612335205,
    0.48172727227211,
    0.26636365056037903,
    0.18909090757369995,
    0.16274206340312958,
    0.1769251823425293,
    0.07565011829137802,
    0.02609802596271038,
    0.0035464216489344835,
    0.0009108297526836395,
    0.0011062966659665108,
    0.0321582593023777,
    0.03196784108877182
  ],
  "position_mean_sim": [
    0.9951237440109253,
    0.9873199462890625,
    0.9892976880073547,
    0.9188414216041565,
    0.9252779483795166,
    0.9027950763702393,
    0.886016845703125,
    0.8534934520721436,
    0.8486571311950684,
    0.7932950258255005,
    0.7625121474266052,
    0.7580801248550415,
    0.7812142968177795,
    0.7519035935401917,
    0.7327433228492737,
    0.7303051948547363,
    0.717463493347168,
    0.7230944037437439,
    0.724269688129425,
    0.7368932366371155
  ],
  "token_top1_match": 0.225903592208387,
  "token_top5_match": 0.36850606580667716,
  "token_top10_match": 0.46187541396945303,
  "token_consecutive_mean": 5.175727367401123,
  "token_consecutive_std": 2.9961230754852295,
  "token_consecutive_median": 6.0,
  "token_consecutive_max": 14.0,
  "token_consecutive_min": 0.0,
  "position_token_accept": [
    0.9409090876579285,
    0.9562727212905884,
    0.8274545669555664,
    0.8535454273223877,
    0.7230908870697021,
    0.7259091138839722,
    0.446909099817276,
    0.41009092330932617,
    0.3109999895095825,
    0.2985454499721527,
    0.19545455276966095,
    0.23247568309307098,
    0.11955632269382477,
    0.08019640296697617,
    0.0661998763680458,
    0.07329271733760834,
    0.053830038756132126,
    0.024430718272924423,
    0.05625351518392563,
    0.11609877645969391
  ],
  "token_sd_gamma_prefill": 7,
  "token_sd_prefill_consecutive_mean": 4.722908973693848,
  "token_sd_prefill_accept_rate": 0.674701281956264,
  "token_sd_decode_consecutive_mean": 3.8775453567504883,
  "token_sd_decode_accept_rate": 0.7755090713500976,
  "token_sd_gamma_decode": 5,
  "token_sd_e2e_speedup": 0.8373432430293206,
  "token_sd_e2e_baseline_ms": 1560.0,
  "token_sd_e2e_sd_ms": 1863.0352761386941,
  "cosim_80_token_match": 0.48160442293174655,
  "cosim_80_count": 180152,
  "cosim_85_token_match": 0.6708541880738507,
  "cosim_85_count": 120676,
  "cosim_90_token_match": 0.8040945518216714,
  "cosim_90_count": 89094,
  "cosim_92_token_match": 0.8284273213417599,
  "cosim_92_count": 82280,
  "cosim_95_token_match": 0.8735473001913138,
  "cosim_95_count": 70042,
  "cosim_98_token_match": 0.9230319288408398,
  "cosim_98_count": 49579,
  "cosim_token_pearson_r": 0.5789782404899597,
  "baseline_vl_prefill_ms": 310.0,
  "baseline_vl_decode_ms": 1250.0,
  "baseline_total_ms": 1560.0,
  "sd_parallel_prefill_ms": 310.0,
  "sd_decode_ms": 1349.0650594437202,
  "sd_total_ms": 1659.0650594437202,
  "sd_iterations": 8.904719864314984,
  "time_ratio_prefill": 0.18685222634002197,
  "time_ratio_decode": 0.813147773659978
}