{
  "train_loss": [
    1.466471238921468,
    1.340545252395364,
    1.3135065122579153,
    1.2996201417767084,
    1.295467864865294,
    1.2908099365349,
    1.2825352790263982,
    1.2862601343255777,
    1.2795002043533783,
    1.273880755958649,
    1.2726979790112147,
    1.2679985877699578,
    1.2658354617082155,
    1.263190469203087,
    1.2621497891556759,
    1.260450145516258,
    1.257996233466726,
    1.256520576775074,
    1.2542107317310114,
    1.2540330782246132,
    1.2504755083758097,
    1.246580611054714,
    1.2468270809891133,
    1.2430683153753097,
    1.243143450612059,
    1.2417272926809697,
    1.2431116906496196,
    1.2406760786588376,
    1.2404890010276666,
    1.2367210575880914,
    1.236127976184854,
    1.2324805309852729,
    1.2313798655970738,
    1.2318001637378564
  ],
  "train_cos_sim": [
    0.7581944190180645,
    0.7756377585375538,
    0.7787658833683684,
    0.7807673922238442,
    0.781303939051353,
    0.7820578484724348,
    0.7834908803924918,
    0.782716266810894,
    0.783970585379463,
    0.7849490890422692,
    0.7851697519564858,
    0.7859954482947404,
    0.7863867962732911,
    0.7868148362120757,
    0.7870296014902683,
    0.7873371517142425,
    0.7877919597981068,
    0.7880406218509262,
    0.7884505161155875,
    0.7884543326754982,
    0.789137529854018,
    0.7898201127178394,
    0.7897909501424203,
    0.7904480801035578,
    0.7904344872356608,
    0.7907026040439422,
    0.7904456461994693,
    0.7908821577349534,
    0.7908935417922643,
    0.7916021422984508,
    0.7916932209179952,
    0.7923813289604508,
    0.7925807455411324,
    0.7924899853622684
  ],
  "val_loss": [
    1.5189742066643455,
    1.3832653110677546,
    1.3641921390186658,
    1.3730586008592085,
    1.3571953014893965,
    1.3406994451176037,
    1.3431634144349531,
    1.3131171356547962,
    1.3362783952192827,
    1.3180687644264915,
    1.3217005187814885,
    1.300949443470348,
    1.3322412317449397,
    1.3418732448057695,
    1.336424632505937,
    1.315556602044539,
    1.2979403192346746,
    1.3343894590031018,
    1.3082056912508877,
    1.3015849481929431,
    1.305314540863037,
    1.2957821650938555,
    1.2895895351063122,
    1.2786628874865444,
    1.3000088063153354,
    1.2976817759600552,
    1.298180428418246,
    1.3283140009099788,
    1.3083219094709917,
    1.286768143827265,
    1.2866777831857854,
    1.2973605827851729,
    1.2790352756326848,
    1.281525189226324
  ],
  "val_cos_sim": [
    0.7432899149981412,
    0.7677194638685747,
    0.7699648304419084,
    0.7678905183618719,
    0.7705217328938571,
    0.7736447345126759,
    0.7728226455775175,
    0.7785848704251376,
    0.7744541764259338,
    0.7776958617297086,
    0.7769805680621754,
    0.7807969505136664,
    0.7748098373413086,
    0.773414438421076,
    0.7743437127633528,
    0.7782345793463967,
    0.7810116301883351,
    0.7749790332534097,
    0.7793494788083163,
    0.7806333140893416,
    0.7797706939957358,
    0.7818001346154646,
    0.782621519132094,
    0.7848496382886713,
    0.7808716242963617,
    0.7815303152257745,
    0.7810534943233837,
    0.7757168087092313,
    0.7792213342406533,
    0.783335496078838,
    0.7832259752533652,
    0.7812380628152327,
    0.7847301851619374,
    0.7838570692322471
  ],
  "val_accept_80": [
    0.2658576965332031,
    0.3936998248100281,
    0.42035913467407227,
    0.412330687046051,
    0.41686585545539856,
    0.4088374078273773,
    0.41692712903022766,
    0.43819329142570496,
    0.4213397204875946,
    0.4249555766582489,
    0.44560888409614563,
    0.4412575960159302,
    0.4285101294517517,
    0.4041184186935425,
    0.41717228293418884,
    0.43132928013801575,
    0.44328001141548157,
    0.4127596914768219,
    0.45057302713394165,
    0.4517987370491028,
    0.4554145932197571,
    0.45915302634239197,
    0.46295276284217834,
    0.45621129870414734,
    0.4478764533996582,
    0.44377028942108154,
    0.460807740688324,
    0.42973586916923523,
    0.4378868639469147,
    0.4514923095703125,
    0.4536373019218445,
    0.44732487201690674,
    0.46252375841140747,
    0.4582950174808502
  ],
  "val_accept_85": [
    0.17160017788410187,
    0.24189496040344238,
    0.24293681979179382,
    0.24207881093025208,
    0.24796225130558014,
    0.2615676820278168,
    0.24943310022354126,
    0.2786664068698883,
    0.2771955728530884,
    0.27051541209220886,
    0.2841821312904358,
    0.29012686014175415,
    0.2696574032306671,
    0.26359012722969055,
    0.2784212827682495,
    0.29686829447746277,
    0.2876754403114319,
    0.27615371346473694,
    0.2890850007534027,
    0.2855304181575775,
    0.29018813371658325,
    0.3034258782863617,
    0.30446773767471313,
    0.3034258782863617,
    0.2949071526527405,
    0.3104124665260315,
    0.2977263033390045,
    0.2772568464279175,
    0.2838144302368164,
    0.30943188071250916,
    0.3135993182659149,
    0.29037201404571533,
    0.31120917201042175,
    0.30048415064811707
  ],
  "val_accept_90": [
    0.15241771936416626,
    0.19513390958309174,
    0.1887601912021637,
    0.19286634027957916,
    0.19341790676116943,
    0.18949562311172485,
    0.18992461264133453,
    0.19954648613929749,
    0.2062879204750061,
    0.20132377743721008,
    0.2096586376428604,
    0.21278421580791473,
    0.1977079063653946,
    0.20671692490577698,
    0.211435928940773,
    0.22148679196834564,
    0.21284550428390503,
    0.20922963321208954,
    0.21223263442516327,
    0.2131519317626953,
    0.20518477261066437,
    0.21958693861961365,
    0.21762578189373016,
    0.22111907601356506,
    0.21780964732170105,
    0.22602194547653198,
    0.21468406915664673,
    0.20555248856544495,
    0.2170742154121399,
    0.2258993685245514,
    0.23227308690547943,
    0.21811607480049133,
    0.2257155179977417,
    0.22516393661499023
  ],
  "val_accept_95": [
    0.12293926626443863,
    0.1622234433889389,
    0.16541031002998352,
    0.1692100316286087,
    0.16473616659641266,
    0.15474657714366913,
    0.1587914377450943,
    0.16485874354839325,
    0.16547159850597382,
    0.1655328869819641,
    0.1746031790971756,
    0.17484831809997559,
    0.1606300175189972,
    0.1693938821554184,
    0.1728871762752533,
    0.18073175847530365,
    0.16902616620063782,
    0.1712937355041504,
    0.17386774718761444,
    0.18116074800491333,
    0.17080345749855042,
    0.17962861061096191,
    0.17613531649112701,
    0.17411288619041443,
    0.17423546314239502,
    0.18440890312194824,
    0.17564503848552704,
    0.1692713052034378,
    0.18116074800491333,
    0.18275418877601624,
    0.18618617951869965,
    0.17356131970882416,
    0.17962861061096191,
    0.17895446717739105
  ]
}