{
  "timestamp": "2026-02-07T01:06:26.836955",
  "batch_size": 11000,
  "max_seq_len": 50,
  "hidden_dim": 4096,
  "total_valid_positions": 406129,
  "cos_sim_mean": 0.7646135091781616,
  "cos_sim_std": 0.13219524919986725,
  "cos_sim_min": -0.19451510906219482,
  "cos_sim_max": 0.9700107574462891,
  "cos_sim_median": 0.7838972806930542,
  "accept_80": 0.4370581805706024,
  "accept_85": 0.26621097326278687,
  "accept_90": 0.10076847672462463,
  "accept_95": 0.002735584042966366,
  "consecutive_mean_80": 7.76627254486084,
  "consecutive_std_80": 3.3152687549591064,
  "consecutive_max_80": 19.0,
  "consecutive_min_80": 2.0,
  "consecutive_median_80": 8.0,
  "consecutive_mean_85": 5.4381818771362305,
  "consecutive_std_85": 2.4187865257263184,
  "consecutive_max_85": 13.0,
  "consecutive_min_85": 0.0,
  "consecutive_median_85": 5.0,
  "consecutive_mean_90": 0.21881818771362305,
  "consecutive_std_90": 0.9171668887138367,
  "consecutive_max_90": 5.0,
  "consecutive_min_90": 0.0,
  "consecutive_median_90": 0.0,
  "consecutive_mean_95": 0.0,
  "consecutive_std_95": 0.0,
  "consecutive_max_95": 0.0,
  "consecutive_min_95": 0.0,
  "consecutive_median_95": 0.0,
  "num_hidden_tokens_mean": 36.92081832885742,
  "num_hidden_tokens_std": 10.862395286560059,
  "num_hidden_tokens_min": 11.0,
  "num_hidden_tokens_max": 50.0,
  "sd_accept_rate_prefill_gamma": 0.005926688454318308,
  "sd_gamma_prefill": 36.92081832885742,
  "sd_accept_rate_decode_gamma5": 0.04376363754272461,
  "sd_consecutive_gamma5": 0.21881818771362305,
  "sd_gamma_decode": 5,
  "speedup_prefill": 1.0176466280414211,
  "prefill_overlap_window_ms": 131.5,
  "prefill_free_draft_tokens": 7.2,
  "prefill_effective_tokens": 0.21881818771362305,
  "speedup_decode_gamma5": 1.149828478975116,
  "decode_overhead_ratio": 0.06,
  "speedup_e2e": 0.23907910806816432,
  "e2e_baseline_time_ms": 1560.0,
  "e2e_sd_time_ms": 6525.036890949189,
  "e2e_num_output_tokens": 50,
  "position_accept_90": [
    0.06345454603433609,
    0.40109091997146606,
    0.4580909013748169,
    0.6450909376144409,
    0.46590909361839294,
    0.4550909101963043,
    0.42290908098220825,
    0.16527272760868073,
    0.19900000095367432,
    0.10927272588014603,
    0.03990909084677696,
    0.09791798889636993,
    0.07082462310791016,
    0.01227495912462473,
    0.029189778491854668,
    0.004728562198579311,
    0.004280900117009878,
    0.0009219138883054256,
    0.01743859052658081,
    0.0022970903664827347
  ],
  "position_mean_sim": [
    0.8824422955513,
    0.8980593085289001,
    0.8990408182144165,
    0.8686131834983826,
    0.8666105270385742,
    0.8475127816200256,
    0.8525121808052063,
    0.8201091885566711,
    0.8180281519889832,
    0.7730720043182373,
    0.7539311051368713,
    0.7454923987388611,
    0.7691687345504761,
    0.7474310994148254,
    0.7338558435440063,
    0.7313851714134216,
    0.7226967215538025,
    0.7230837345123291,
    0.7253881692886353,
    0.7402127981185913
  ],
  "token_top1_match": 0.10376259759830005,
  "token_top5_match": 0.3431298922263616,
  "token_top10_match": 0.45313681121023125,
  "token_consecutive_mean": 0.7276363372802734,
  "token_consecutive_std": 0.8564584851264954,
  "token_consecutive_median": 1.0,
  "token_consecutive_max": 3.0,
  "token_consecutive_min": 0.0,
  "position_token_accept": [
    0.5438181757926941,
    0.11745454370975494,
    0.49936363101005554,
    0.16763636469841003,
    0.13009090721607208,
    0.4415454566478729,
    0.0689999982714653,
    0.15190909802913666,
    0.15063636004924774,
    0.2815454602241516,
    0.10781817883253098,
    0.07809800654649734,
    0.057096101343631744,
    0.050190944224596024,
    0.059016093611717224,
    0.04901336878538132,
    0.0587485209107399,
    0.021849358454346657,
    0.060097504407167435,
    0.09647779166698456
  ],
  "token_sd_gamma_prefill": 7,
  "token_sd_prefill_consecutive_mean": 0.7276363372802734,
  "token_sd_prefill_accept_rate": 0.1039480481828962,
  "token_sd_decode_consecutive_mean": 0.7276363372802734,
  "token_sd_decode_accept_rate": 0.14552726745605468,
  "token_sd_gamma_decode": 5,
  "token_sd_e2e_speedup": 0.33229644712212025,
  "token_sd_e2e_baseline_ms": 1560.0,
  "token_sd_e2e_sd_ms": 4694.603308312514,
  "cosim_80_token_match": 0.1997498619733862,
  "cosim_80_count": 177502,
  "cosim_85_token_match": 0.2564652780347035,
  "cosim_85_count": 108116,
  "cosim_90_token_match": 0.19992669517409897,
  "cosim_90_count": 40925,
  "cosim_92_token_match": 0.17448834760313173,
  "cosim_92_count": 21841,
  "cosim_95_token_match": 0.22592259225922592,
  "cosim_95_count": 1111,
  "cosim_98_token_match": 0.0,
  "cosim_98_count": 0,
  "cosim_token_pearson_r": 0.2367064505815506,
  "baseline_vl_prefill_ms": 310.0,
  "baseline_vl_decode_ms": 1250.0,
  "baseline_total_ms": 1560.0,
  "sd_parallel_prefill_ms": 310.0,
  "sd_decode_ms": 6215.036890949189,
  "sd_total_ms": 6525.036890949189,
  "sd_iterations": 41.02334581484613,
  "time_ratio_prefill": 0.0475093099366224,
  "time_ratio_decode": 0.9524906900633776
}