{
  "train_loss": [
    1.635486527560995,
    1.3975616949968612,
    1.3755178414285183,
    1.3690629346439471,
    1.3729539995010083,
    1.3711698678537056,
    1.365597942414192,
    1.365527160035876,
    1.360757546356091,
    1.360264326374118,
    1.3578356932848692,
    1.3520359229296446,
    1.348536585099422,
    1.349573098266354,
    1.345694480607143,
    1.344857232645154,
    1.3408564333445752,
    1.3387281536482847,
    1.3358395833235521,
    1.3370705496233244,
    1.3341894889107118,
    1.3341538625267835,
    1.3301604001854475,
    1.332340350231299,
    1.3317617166500826,
    1.329366172448947,
    1.325482164294674,
    1.3230310301654613,
    1.323565224185586,
    1.320489894742003,
    1.3202331665043647,
    1.3190850300284533,
    1.3179791955134044,
    1.3180764890634096,
    1.3167561017549956,
    1.314368580109798,
    1.3146704349380274,
    1.3119677557395055,
    1.3117828245919485,
    1.3099304052213063,
    1.3108664001696384,
    1.3074803343759134,
    1.3075004247232125,
    1.3080543004549468,
    1.3050380231669316,
    1.3056505659165292,
    1.3053351809772162,
    1.302845895003814,
    1.3028150437256465,
    1.3023640122264624
  ],
  "train_cos_sim": [
    0.7183175156824291,
    0.7581114983902528,
    0.7622784671302025,
    0.7635351316286967,
    0.7628069916166939,
    0.7632286751356262,
    0.7644080415081519,
    0.7644724260585812,
    0.7653155422841127,
    0.7654808800524244,
    0.7661468266294553,
    0.7670863767942557,
    0.7679208263468283,
    0.7677450336945745,
    0.7685961720462029,
    0.768668650291287,
    0.7695420415928731,
    0.7699612927838013,
    0.7704335373038282,
    0.7702315591562253,
    0.7708527427883103,
    0.7708352129333295,
    0.7715012656094936,
    0.7712524031074002,
    0.7712689487693402,
    0.7717999662630833,
    0.772513373181797,
    0.7730210213563763,
    0.7729382317943069,
    0.77352575914791,
    0.7735227117888056,
    0.7738265862974983,
    0.774121859898934,
    0.7739868479995773,
    0.7743405326484487,
    0.7747912818852526,
    0.7746532843806423,
    0.7752679761929008,
    0.7752118839953954,
    0.7755783769803551,
    0.7754872495021957,
    0.7760365798066442,
    0.7762025649157854,
    0.7759447743972907,
    0.776565758153223,
    0.77643559113718,
    0.7765668427141813,
    0.7770596625856482,
    0.7769949664003574,
    0.7770858578957044
  ],
  "val_loss": [
    1.4910819638859143,
    1.427067984234203,
    1.429299690506675,
    1.4677494981072166,
    1.4709850658069958,
    1.4413313432173296,
    1.4706695946780117,
    1.4708621285178445,
    1.4263158494775945,
    1.4231348037719727,
    1.4187769889831543,
    1.4340684739026157,
    1.4147288365797563,
    1.4039433652704412,
    1.4108008796518499,
    1.4322612177241931,
    1.3962617245587436,
    1.3726023652336814,
    1.3964809070933948,
    1.4347246993671765,
    1.3731958974491467,
    1.3937379663640803,
    1.3953777876767246,
    1.3938460024920376,
    1.3861098072745583,
    1.3672923066399314,
    1.366731502793052,
    1.3830213980241255,
    1.3549653833562678,
    1.3696513067592273,
    1.3591303717006336,
    1.3768961971456355,
    1.3812671574679287,
    1.3786306597969749,
    1.363162485035983,
    1.346089395609769,
    1.3942332592877476,
    1.3690725673328747,
    1.37610615383495,
    1.3495313145897605,
    1.3413493524898181,
    1.3916616656563499,
    1.3765183253721758,
    1.3597190163352273,
    1.3591055328195745,
    1.3598049120469526,
    1.3642487851056186,
    1.3522963523864746,
    1.3655119375749067,
    1.3439237529581243
  ],
  "val_cos_sim": [
    0.7411723299459978,
    0.7537046887657859,
    0.7540318369865417,
    0.7472013180906122,
    0.7455419952219183,
    0.7523004575209185,
    0.7462725097482855,
    0.7460924170233987,
    0.7538608854467218,
    0.7553653717041016,
    0.7558619542555376,
    0.7541278167204424,
    0.7561271353201433,
    0.758424926887859,
    0.7556695558808066,
    0.7535545717586171,
    0.7593116110021417,
    0.7643783417615023,
    0.7615523934364319,
    0.7532340342348273,
    0.7640695463527333,
    0.759625868363814,
    0.7622432654554193,
    0.7603394876826893,
    0.7626377452503551,
    0.7653860449790955,
    0.7654191201383417,
    0.761997027830644,
    0.7681035182692788,
    0.7636864618821577,
    0.7675667838616804,
    0.7638860507444902,
    0.7617478587410667,
    0.7631104751066728,
    0.7653117017312483,
    0.7697554230690002,
    0.7610305764458396,
    0.7644473639401522,
    0.7632282322103326,
    0.7693432081829418,
    0.7703073458238081,
    0.7622272263873707,
    0.7626687450842424,
    0.7664844231172041,
    0.7677218047055331,
    0.7678881070830605,
    0.7675590244206515,
    0.768274491483515,
    0.7663004019043662,
    0.7711027047850869
  ],
  "val_accept_80": [
    0.34307777881622314,
    0.3948029577732086,
    0.40148311853408813,
    0.36587607860565186,
    0.3543543517589569,
    0.3882453739643097,
    0.35551878809928894,
    0.35545748472213745,
    0.3981736898422241,
    0.3900226652622223,
    0.38561010360717773,
    0.39798983931541443,
    0.4000122547149658,
    0.4268554151058197,
    0.39094194769859314,
    0.4057731330394745,
    0.4199301302433014,
    0.4324324429035187,
    0.42973586916923523,
    0.38738739490509033,
    0.4375804364681244,
    0.40503770112991333,
    0.42256543040275574,
    0.41717228293418884,
    0.4304099977016449,
    0.44009315967559814,
    0.44744744896888733,
    0.43837714195251465,
    0.4460991621017456,
    0.42458784580230713,
    0.44873446226119995,
    0.4373965859413147,
    0.4233008623123169,
    0.44168657064437866,
    0.4497150182723999,
    0.4642397463321686,
    0.43476128578186035,
    0.4408285915851593,
    0.4307164251804352,
    0.4622173309326172,
    0.4528405964374542,
    0.4413188695907593,
    0.42795857787132263,
    0.4511246085166931,
    0.45608875155448914,
    0.45565974712371826,
    0.44714102149009705,
    0.44150272011756897,
    0.4424220025539398,
    0.464117169380188
  ],
  "val_accept_85": [
    0.19544033706188202,
    0.20561377704143524,
    0.20947478711605072,
    0.19513390958309174,
    0.1957467645406723,
    0.2203223705291748,
    0.21247778832912445,
    0.2027333527803421,
    0.23306980729103088,
    0.22847336530685425,
    0.22847336530685425,
    0.22001592814922333,
    0.23680824041366577,
    0.23251822590827942,
    0.2330085188150406,
    0.22350922226905823,
    0.23423422873020172,
    0.2501072585582733,
    0.24722681939601898,
    0.22540907561779022,
    0.255745530128479,
    0.2449592500925064,
    0.26211926341056824,
    0.2433045357465744,
    0.2518232464790344,
    0.26414167881011963,
    0.2610774040222168,
    0.2551939785480499,
    0.2607709765434265,
    0.26561254262924194,
    0.2665318250656128,
    0.24967825412750244,
    0.24477538466453552,
    0.25139424204826355,
    0.26702213287353516,
    0.2844885587692261,
    0.248636394739151,
    0.2611999809741974,
    0.2554391026496887,
    0.27964699268341064,
    0.2718636989593506,
    0.2555616796016693,
    0.2593614161014557,
    0.2664092779159546,
    0.270086407661438,
    0.27278298139572144,
    0.27045413851737976,
    0.27946314215660095,
    0.2662253975868225,
    0.28504014015197754
  ],