{
  "timestamp": "2026-02-07T01:07:06.115878",
  "batch_size": 11000,
  "max_seq_len": 50,
  "hidden_dim": 4096,
  "total_valid_positions": 406129,
  "cos_sim_mean": 0.9069941639900208,
  "cos_sim_std": 0.04402252659201622,
  "cos_sim_min": 0.6355160474777222,
  "cos_sim_max": 0.9990363121032715,
  "cos_sim_median": 0.9158048629760742,
  "accept_80": 0.980974018573761,
  "accept_85": 0.9047125577926636,
  "accept_90": 0.6174811720848083,
  "accept_95": 0.12927912175655365,
  "consecutive_mean_80": 27.487817764282227,
  "consecutive_std_80": 14.120203971862793,
  "consecutive_max_80": 50.0,
  "consecutive_min_80": 3.0,
  "consecutive_median_80": 26.0,
  "consecutive_mean_85": 11.293545722961426,
  "consecutive_std_85": 7.309039115905762,
  "consecutive_max_85": 50.0,
  "consecutive_min_85": 3.0,
  "consecutive_median_85": 9.0,
  "consecutive_mean_90": 0.08163636177778244,
  "consecutive_std_90": 0.6940770149230957,
  "consecutive_max_90": 16.0,
  "consecutive_min_90": 0.0,
  "consecutive_median_90": 0.0,
  "consecutive_mean_95": 0.0,
  "consecutive_std_95": 0.0,
  "consecutive_max_95": 0.0,
  "consecutive_min_95": 0.0,
  "consecutive_median_95": 0.0,
  "num_hidden_tokens_mean": 36.92081832885742,
  "num_hidden_tokens_std": 10.862395286560059,
  "num_hidden_tokens_min": 11.0,
  "num_hidden_tokens_max": 50.0,
  "sd_accept_rate_prefill_gamma": 0.00221112005293705,
  "sd_gamma_prefill": 36.92081832885742,
  "sd_accept_rate_decode_gamma5": 0.013309091329574585,
  "sd_consecutive_gamma5": 0.06654545664787292,
  "sd_gamma_decode": 5,
  "speedup_prefill": 1.0065835775627243,
  "prefill_overlap_window_ms": 131.5,
  "prefill_free_draft_tokens": 7.2,
  "prefill_effective_tokens": 0.08163636177778244,
  "speedup_decode_gamma5": 1.0061749591017668,
  "decode_overhead_ratio": 0.06,
  "speedup_e2e": 0.21045901510188217,
  "e2e_baseline_time_ms": 1560.0,
  "e2e_sd_time_ms": 7412.369573452635,
  "e2e_num_output_tokens": 50,
  "position_accept_90": [
    0.0196363627910614,
    0.4036363661289215,
    0.3394545316696167,
    0.7758181691169739,
    0.6249091029167175,
    0.680545449256897,
    0.7394545674324036,
    0.5165454745292664,
    0.5663636326789856,
    0.5402727127075195,
    0.5547272562980652,
    0.6345122456550598,
    0.5985089540481567,
    0.6261138319969177,
    0.569428026676178,
    0.5325998067855835,
    0.5171691179275513,
    0.50373375415802,
    0.5155634880065918,
    0.5898736715316772
  ],
  "position_mean_sim": [
    0.8805109858512878,
    0.905005693435669,
    0.8951571583747864,
    0.9081064462661743,
    0.8978495001792908,
    0.9042736291885376,
    0.9211235642433167,
    0.9067368507385254,
    0.9097508192062378,
    0.8958188891410828,
    0.8888799548149109,
    0.9008883833885193,
    0.9053006768226624,
    0.9071593284606934,
    0.9018035531044006,
    0.895914614200592,
    0.8934316635131836,
    0.8957727551460266,
    0.8974749445915222,
    0.9094125032424927
  ],
  "token_top1_match": 0.19111907792844146,
  "token_top5_match": 0.6933806746132386,
  "token_top10_match": 0.8632675824676396,
  "token_consecutive_mean": 0.606181800365448,
  "token_consecutive_std": 0.6701715588569641,
  "token_consecutive_median": 1.0,
  "token_consecutive_max": 3.0,
  "token_consecutive_min": 0.0,
  "position_token_accept": [
    0.5094545483589172,
    0.1489090919494629,
    0.38600000739097595,
    0.22654545307159424,
    0.02990909107029438,
    0.3235454559326172,
    0.03918181732296944,
    0.10300000011920929,
    0.10027272999286652,
    0.24427272379398346,
    0.16418181359767914,
    0.17665241658687592,
    0.13864897191524506,
    0.12047644704580307,
    0.14413021504878998,
    0.17341093719005585,
    0.19655705988407135,
    0.23748502135276794,
    0.22501406073570251,
    0.2847434878349304
  ],
  "token_sd_gamma_prefill": 7,
  "token_sd_prefill_consecutive_mean": 0.606181800365448,
  "token_sd_prefill_accept_rate": 0.08659740005220685,
  "token_sd_decode_consecutive_mean": 0.606181800365448,
  "token_sd_decode_accept_rate": 0.1212363600730896,
  "token_sd_gamma_decode": 5,
  "token_sd_e2e_speedup": 0.3103765104728138,
  "token_sd_e2e_baseline_ms": 1560.0,
  "token_sd_e2e_sd_ms": 5026.15355016256,
  "cosim_80_token_match": 0.17940672988589415,
  "cosim_80_count": 398402,
  "cosim_85_token_match": 0.16426530223443922,
  "cosim_85_count": 367430,
  "cosim_90_token_match": 0.13141157283163926,
  "cosim_90_count": 250777,
  "cosim_92_token_match": 0.12632079148713513,
  "cosim_92_count": 187293,
  "cosim_95_token_match": 0.164711260094469,
  "cosim_95_count": 52504,
  "cosim_98_token_match": 0.5869768894440974,
  "cosim_98_count": 6404,
  "cosim_token_pearson_r": -0.2504991888999939,
  "baseline_vl_prefill_ms": 310.0,
  "baseline_vl_decode_ms": 1250.0,
  "baseline_total_ms": 1560.0,
  "sd_parallel_prefill_ms": 310.0,
  "sd_decode_ms": 7102.369573452635,
  "sd_total_ms": 7412.369573452635,
  "sd_iterations": 46.88032721750915,
  "time_ratio_prefill": 0.04182198377024581,
  "time_ratio_decode": 0.9581780162297542
}