{
  "train_loss": [
    0.8405806028928894,
    0.7619069563224912,
    0.7344255135036432,
    0.7215694209847313,
    0.7120540864908924,
    0.706458670946841,
    0.7009419381905061,
    0.6964700027154043,
    0.6940224394202232,
    0.6918562187884862,
    0.6907186892886574,
    0.6898601838172629,
    0.6868680650368333,
    0.6863166040812547,
    0.6847873934043142,
    0.6837368003594188,
    0.6828648366320592,
    0.682480671013204,
    0.6812032363735713,
    0.6810540576966909,
    0.6801330125532471,
    0.6791898841754749,
    0.6784314238824524,
    0.6783459003155048,
    0.6772050153320799,
    0.6764910737625681,
    0.6763695913295333,
    0.6766005616921645,
    0.6767653143749788,
    0.6757996871064489,
    0.6752609965176537,
    0.6741417980251404,
    0.6739016408817127,
    0.6733325659655608,
    0.6729602979925963,
    0.6727450343135458,
    0.6721301690603678,
    0.6718188557917109,
    0.6715936938014168,
    0.6713697421722687,
    0.6708800415150248,
    0.6705646368746574,
    0.6703234426677227,
    0.6698350141971157,
    0.6696095324766177,
    0.6699252666618961,
    0.6691440370363685,
    0.6687391390307591,
    0.6683198833264984,
    0.6680602304494152
  ],
  "train_cos_sim": [
    0.9453248998436791,
    0.9290094366297126,
    0.9238898527020445,
    0.921475077764346,
    0.9197143006783265,
    0.9186940274846095,
    0.9177347572806936,
    0.9168774787193308,
    0.9164433204210721,
    0.9160269057521453,
    0.9158003084504833,
    0.9156848053232982,
    0.9151414680796174,
    0.9150476385481082,
    0.9147409429916968,
    0.9145583481026384,
    0.914393548710415,
    0.9143113681616691,
    0.9140870472989403,
    0.9140617902605579,
    0.913880726394172,
    0.9136942476034164,
    0.9135492643914543,
    0.9135599917230698,
    0.9133202890650585,
    0.9131975262784041,
    0.9131925988655824,
    0.9132139383313748,
    0.9132294177006071,
    0.9130457791571434,
    0.9129433573868412,
    0.912760530383541,
    0.9127025945255389,
    0.9126126451704365,
    0.9125438389869837,
    0.9124769119975659,
    0.9123759892984078,
    0.9123195010022476,
    0.9122911039739847,
    0.912239406687709,
    0.9121466130018234,
    0.9121056171850517,
    0.9120494255509514,
    0.9119761904988152,
    0.9119180669434942,
    0.9119817902548955,
    0.9118499305242529,
    0.9117609275361667,
    0.9116913072335032,
    0.911657956858667
  ],
  "val_loss": [
    0.8092411648143422,
    0.7622954845428467,
    0.7450303868813948,
    0.7348621541803534,
    0.72763361714103,
    0.717815177007155,
    0.714213187044317,
    0.7084242268042131,
    0.7094442681832747,
    0.7064580050381747,
    0.7029946392232721,
    0.7006183916872198,
    0.6990941817110236,
    0.6987621133977716,
    0.6969673525203358,
    0.6975474303418939,
    0.6961819096045061,
    0.6938215331597761,
    0.6914620887149464,
    0.6932946985418146,
    0.6919917843558572,
    0.6907126578417692,
    0.6901865926655856,
    0.6893159205263312,
    0.6888798692009666,
    0.6880208199674432,
    0.6885531057010997,
    0.6883835413239219,
    0.6879371404647827,
    0.688749145377766,
    0.6866702003912493,
    0.6877816752953962,
    0.6851978572932157,
    0.6856331445954063,
    0.6852810978889465,
    0.6856558593836698,
    0.6841674609617754,
    0.6846210577271201,
    0.6838929436423562,
    0.6833486665378917,
    0.682567222551866,
    0.6827945709228516,
    0.683645486831665,
    0.682274883443659,
    0.684211936863986,
    0.6835910406979647,
    0.6823420145294883,
    0.6826638687740673,
    0.6812487894838507,
    0.6816421205347235
  ],
  "val_cos_sim": [
    0.9220321720296686,
    0.9159205555915833,
    0.9186744906685569,
    0.9111648093570363,
    0.9111616015434265,
    0.9111095504327253,
    0.9102592414075678,
    0.9114441654898904,
    0.9079862074418501,
    0.9112663919275458,
    0.9096298326145519,
    0.9088415124199607,
    0.9074918898669156,
    0.9068576260046526,
    0.9082618247378956,
    0.9075961979952726,
    0.9091968373818831,
    0.9085782874714244,
    0.9076962796124545,
    0.9064500982111151,
    0.9076192649928007,
    0.9084933020851829,
    0.9078513546423479,
    0.9064480608159845,
    0.9075631228360262,
    0.9072832356799733,
    0.9067842147567056,
    0.9072982939806852,
    0.9053308096798983,
    0.9069085392084989,
    0.906875344839963,
    0.9061824896118857,
    0.9075394164432179,
    0.9076128602027893,
    0.9067257426001809,
    0.90708988904953,
    0.908198129047047,
    0.9070598591457714,
    0.9071028178388422,
    0.9061497504060919,
    0.9070490598678589,
    0.9066413586789911,
    0.9073901393196799,
    0.9066900936040011,
    0.9061319177800958,
    0.9069610238075256,
    0.9062705527652394,
    0.9076466939666055,
    0.9067953662438826,
    0.906196962703358
  ],
  "val_accept_80": [
    0.9881105422973633,
    0.9862719774246216,
    0.9893362522125244,
    0.9844334125518799,
    0.9834528565406799,
    0.9847398400306702,
    0.9822884202003479,
    0.9840657114982605,
    0.9822884202003479,
    0.9806336760520935,
    0.9833915829658508,
    0.9842495322227478,
    0.9817368388175964,
    0.9833915829658508,
    0.9833915829658508,
    0.9829625487327576,
    0.9836980104446411,
    0.9822884202003479,
    0.9821658134460449,
    0.9825335741043091,
    0.9824109673500061,
    0.9825948476791382,
    0.9827786684036255,
    0.9819207191467285,
    0.9824109673500061,
    0.982349693775177,
    0.9825948476791382,
    0.9827786684036255,
    0.9817981123924255,
    0.9817368388175964,
    0.982349693775177,
    0.9818593859672546,
    0.9824722409248352,
    0.9824109673500061,
    0.9812465310096741,
    0.9821045398712158,
    0.9822884202003479,
    0.9822271466255188,
    0.9812465310096741,
    0.9822884202003479,
    0.9827173948287964,
    0.9814916849136353,
    0.9822884202003479,
    0.981369137763977,
    0.9815529584884644,
    0.9814304113388062,
    0.9817368388175964,
    0.9824722409248352,
    0.9821658134460449,
    0.9818593859672546
  ],
  "val_accept_85": [
    0.9336888194084167,
    0.9160997867584229,
    0.9501746892929077,
    0.9118097424507141,
    0.9112582206726074,
    0.9312373399734497,
    0.9123613238334656,
    0.9246797561645508,
    0.9111968874931335,
    0.9121161699295044,
    0.9132193326950073,
    0.9113194942474365,
    0.9024330377578735,
    0.902984619140625,
    0.9138321876525879,
    0.910706639289856,
    0.9142612218856812,
    0.9121161699295044,
    0.9034749269485474,
    0.9035362005233765,
    0.9071520566940308,
    0.91303551197052,
    0.9060488939285278,
    0.9009009003639221,
    0.9067230224609375,
    0.9066004753112793,
    0.9007783532142639,
    0.9047006368637085,
    0.8898694515228271,
    0.9035362005233765,
    0.90071702003479,
    0.904026448726654,
    0.9079487919807434,
    0.9121161699295044,
    0.906294047832489,
    0.9043942093849182,
    0.9113807678222656,
    0.9049457907676697,
    0.9056199193000793,
    0.896365761756897,
    0.9059876203536987,
    0.9026781916618347,
    0.9064779281616211,
    0.9042716026306152,
    0.9070907831192017,
    0.9028007388114929,
    0.8990010619163513,
    0.9067843556404114,
    0.9019427299499512,
    0.9002267718315125
  ],