{
  "config": {
    "gamma": 4,
    "max_new_tokens": 50,
    "query": "What are the key elements in this scene?",
    "eventgpt_path": "./checkpoints/EventGPT-7b",
    "videollava_path": "LanguageBind/Video-LLaVA-7B-hf"
  },
  "results": {
    "total_samples": 5,
    "overall_token_acceptance_rate": 0.012396694214876033,
    "total_accepted_tokens": 3,
    "total_compared_tokens": 242,
    "avg_eventgpt_time": 1.0668071269989015,
    "avg_videollava_time": 1.3472585201263427,
    "avg_c_ratio": 0.7918355022901312,
    "theoretical_speedup": 0.24297317060443357
  },
  "samples": [
    {
      "id": "d1790afd-6212-4050-b0c4-098e0a918f82",
      "eventgpt_output": "In the scene, there is a car driving on a road with a rocky hillside on the left and a body of water on the right. The road has a white line marking the edge.",
      "eventgpt_tokens": [
        512,
        278,
        9088,
        29892,
        727,
        338,
        263,
        1559,
        19500,
        373,
        263,
        6520,
        411,
        263,
        7679,
        29891,
        17306,
        2975,
        373,
        278,
        2175,
        322,
        263,
        3573,
        310,
        4094,
        373,
        278,
        1492,
        29889,
        450,
        6520,
        756,
        263,
        4796,
        1196,
        2791,
        292,
        278,
        7636,
        29889,
        2
      ],
      "eventgpt_time": 1.2085299491882324,
      "videollava_output": "The key elements in this scene include a car driving down a road, a person standing on the side of the road, and a traffic sign. The car is moving along the road, and the person is standing on the side, possibly waiting to cross",
      "videollava_tokens": [
        450,
        1820,
        3161,
        297,
        445,
        9088,
        3160,
        263,
        1559,
        19500,
        1623,
        263,
        6520,
        29892,
        263,
        2022,
        13407,
        373,
        278,
        2625,
        310,
        278,
        6520,
        29892,
        322,
        263,
        12469,
        1804,
        29889,
        450,
        1559,
        338,
        8401,
        3412,
        278,
        6520,
        29892,
        322,
        278,
        2022,
        338,
        13407,
        373,
        278,
        2625,
        29892,
        10075,
        10534,
        304,
        4891
      ],
      "videollava_time": 1.3665168285369873,
      "accepted_tokens": 1,
      "total_compared": 42,
      "acceptance_rate": 0.023809523809523808,
      "c_ratio": 0.8843871688591659
    },
    {
      "id": "448c2919-41ba-4f0b-9060-73d5e2bfcebb",
      "eventgpt_output": "In the scene, there is a road with a car driving away from the viewer. The road is bordered by a rocky cliff on the left and a guardrail on the right. There are trees and vegetation along the side",
      "eventgpt_tokens": [
        512,
        278,
        9088,
        29892,
        727,
        338,
        263,
        6520,
        411,
        263,
        1559,
        19500,
        3448,
        515,
        278,
        6316,
        556,
        29889,
        450,
        6520,
        338,
        5139,
        287,
        491,
        263,
        7679,
        29891,
        1067,
        2593,
        373,
        278,
        2175,
        322,
        263,
        8372,
        336,
        309,
        373,
        278,
        1492,
        29889,
        1670,
        526,
        10697,
        322,
        18655,
        362,
        3412,
        278,
        2625
      ],
      "eventgpt_time": 1.02775239944458,
      "videollava_output": "The key elements in this scene include a car driving down a road, a person riding a motorcycle, and a person on a bicycle. The car is positioned in the middle of the road, while the motorcycle and bicy",
      "videollava_tokens": [
        450,
        1820,
        3161,
        297,
        445,
        9088,
        3160,
        263,
        1559,
        19500,
        1623,
        263,
        6520,
        29892,
        263,
        2022,
        364,
        4821,
        263,
        10992,
        23090,
        29892,
        322,
        263,
        2022,
        373,
        263,
        289,
        4245,
        2841,
        29889,
        450,
        1559,
        338,
        2602,
        287,
        297,
        278,
        7256,
        310,
        278,
        6520,
        29892,
        1550,
        278,
        10992,
        23090,
        322,
        289,
        4245
      ],
      "videollava_time": 1.3509912490844727,
      "accepted_tokens": 0,
      "total_compared": 50,
      "acceptance_rate": 0.0,
      "c_ratio": 0.7607394941610894
    },
    {
      "id": "1e9c3183-4be3-435f-998b-161fa16b9795",
      "eventgpt_output": "In the scene, there is a road with a car driving away from the viewer. The road is bordered by a rocky cliff on the left and a guardrail on the right. There are trees and vegetation along the side",
      "eventgpt_tokens": [
        512,
        278,
        9088,
        29892,
        727,
        338,
        263,
        6520,
        411,
        263,
        1559,
        19500,
        3448,
        515,
        278,
        6316,
        556,
        29889,
        450,
        6520,
        338,
        5139,
        287,
        491,
        263,
        7679,
        29891,
        1067,
        2593,
        373,
        278,
        2175,
        322,
        263,
        8372,
        336,
        309,
        373,
        278,
        1492,
        29889,
        1670,
        526,
        10697,
        322,
        18655,
        362,
        3412,
        278,
        2625
      ],
      "eventgpt_time": 1.032116174697876,
      "videollava_output": "The key elements in this scene include a car driving down a road, a person riding a motorcycle, and a person walking on the side of the road. The car is positioned in the middle of the road, while the motorcycle and",
      "videollava_tokens": [
        450,
        1820,
        3161,
        297,
        445,
        9088,
        3160,
        263,
        1559,
        19500,
        1623,
        263,
        6520,
        29892,
        263,
        2022,
        364,
        4821,
        263,
        10992,
        23090,
        29892,
        322,
        263,
        2022,
        22049,
        373,
        278,
        2625,
        310,
        278,
        6520,
        29889,
        450,
        1559,
        338,
        2602,
        287,
        297,
        278,
        7256,
        310,
        278,
        6520,
        29892,
        1550,
        278,
        10992,
        23090,
        322
      ],
      "videollava_time": 1.3364167213439941,
      "accepted_tokens": 1,
      "total_compared": 50,
      "acceptance_rate": 0.02,
      "c_ratio": 0.7723011529367185
    },
    {
      "id": "d437c9c7-b599-4327-af99-103ac74c401a",
      "eventgpt_output": "In the scene, there is a road with a car driving away from the viewer. The road is bordered by a rocky cliff on the left and a guardrail on the right. There are trees and vegetation along the side",